Timestamp,Strain_1,Strain_2,Strain_3,Strain_4,Strain_5,Strain_6,Strain_7,Strain_8,Strain_9,Strain_10,Force_1_X,Force_1_Y,Force_1_Z,Force_2_X,Force_2_Y,Force_2_Z,Force_3_X,Force_3_Y,Force_3_Z,Force_4_X,Force_4_Y,Force_4_Z,Force_5_X,Force_5_Y,Force_5_Z,Force_6_X,Force_6_Y,Force_6_Z,Force_7_X,Force_7_Y,Force_7_Z,Force_8_X,Force_8_Y,Force_8_Z,Force_9_X,Force_9_Y,Force_9_Z,Force_10_X,Force_10_Y,Force_10_Z,Force_11_X,Force_11_Y,Force_11_Z,Force_12_X,Force_12_Y,Force_12_Z,Force_13_X,Force_13_Y,Force_13_Z,Force_14_X,Force_14_Y,Force_14_Z,Tribo_1,Tribo_2,Tribo_3,Tribo_4,Tribo_5,Tribo_6,Tribo_7,Tribo_8
0.0,0.0354874662220851,-0.1187494270725509,0.1063090718103948,2.9899708478962914,0.2283707906039114,0.2842722450169551,0.0,0.0,-0.1202283924955188,-0.3432130910494909,0.0002008501955234,-0.0010679478205716,-0.0011732199278194,0.0009458812928471,0.0005361107795568,-0.0038800397692016,-0.0095852651413627,-0.0095170205368263,-0.0112366577787086,0.0114967864131792,0.0114844840831445,0.008508462960713,-0.0015826086576215,-0.0019084427946397,-0.0006297897187192,-0.0018901899279882,-0.0036298178345459,-0.0015234594372752,-0.0008209185391414,-0.0010914211846133,0.0085817495291021,-0.0326759739605003,0.0377910278164312,0.0426211810884727,0.0149492165827149,-0.0088527223565918,-0.002526995645224,-0.0009621769578241,-7.45215361481e-05,-0.0019523302797486,-0.0045752410349538,0.0009822081625263,0.0039963355150224,-0.0005510741614379,-0.0008107183475989,-0.0017563366647601,-0.002603140375483,0.0005925915576637,-0.0040513243526605,-0.0027666049752231,-0.002799995061941,0.0006482149000882,11.987112,-35.679985,1.9697868,34.188675,-1.406106,30.3381,6.595633,9.550347
0.03333333333333333,-0.24729790207405086,0.513586478632378,-0.8266601716090598,-21.099908939858636,-1.5748875222648206,-1.9377805950593106,0.0,0.0,0.5043545608738468,2.103773643768828,-0.0009568460030411089,0.005846491561792641,0.011562430395710935,-0.006097952883037565,-0.0019286018354620666,0.0257228229750668,0.06043505825127717,0.05974561723879643,0.07235725690246914,-0.07565506395461977,-0.07552002892729276,-0.05401566757946696,0.008904771391646669,0.010827375060033487,0.00776008261579533,0.015564945824226064,0.026042714248339687,0.007649702231431397,0.007898729139419644,0.010285309370345193,-0.050971146777979474,0.049930091642152785,-0.07265778694791585,-0.06893531998670616,-0.005409539955025234,-0.020938101110007625,-0.04648136964287009,0.0063859721357866685,0.0011137874502406518,0.014340657472804726,0.030225412286910367,0.00020621293980370802,-0.023683904235256008,0.0025410842641465127,0.005242562689236551,0.013401842106658167,0.014509074242498404,-0.005278522942681591,0.026568478254364886,0.02602725355063675,0.027660581089858326,-0.009410748170400118,9.627310000002389,-19.1448039999966,2.1823589000001107,27.692312666663273,-2.161996233333985,25.37299100000064,6.627214133333192,13.233870999998535
0.06666666666666667,-0.5241763325482537,1.2064010705589283,-1.760706880458302,-43.52883695088953,-3.2600519234446574,-4.004377622389625,0.0,0.0,1.1051962576169003,4.640607060267944,-0.0058598414802683175,0.015146349039519563,0.021160148033007194,-0.013612518293643098,-0.005566280592090533,0.05742578612739793,0.17527891361440537,0.1500757463900644,0.16515797061439985,-0.14884373383368535,-0.14854006369022515,-0.10256757308431004,0.020316115694585777,0.02441815923921056,0.015220722538871865,0.030313189140506566,0.05769095750267833,0.018348320073891,0.01958990674628938,0.01881507094995968,-0.11487214994912975,0.11992137323384526,-0.17891840220341607,-0.1688776447162171,0.02096963388375648,-0.06794071151313501,-0.1301224951505221,0.0173378677514382,0.005691833681474361,0.02777275863697877,0.07408551394676074,-0.0027343860571797623,-0.06096555287285812,0.009911233631437701,0.016787544852797407,0.027971003152473077,0.034605954829066046,-0.011804240091571922,0.05545984944871778,0.03408796061926362,0.03906815313188392,-0.00697008549796566,1.6149129333348307,-42.8003466666625,-0.49805885333254446,39.38698066666466,-0.8244206000001592,33.564528666664174,6.636788733333238,11.894569000001534
0.1,-0.7949803228075054,1.7706492451169873,-2.6705853043010315,-58.17450342140874,-4.753212109865748,-5.777199608276812,0.0,0.0,1.7058416013956053,7.289557156181193,-0.008987019128681238,0.022926145062060903,0.03281764121576,-0.019207339660008954,-0.007635414687946265,0.08555217458150932,0.3129307289479771,0.26464764139301017,0.28319583039301416,-0.2342249933015344,-0.2337151757048805,-0.16542701558492795,0.031561134200196836,0.03590092467677984,0.022493741343184548,0.0432545856338575,0.08571969354425017,0.02864732826322255,0.028771159960309534,0.026298587487598193,-0.16847123181408025,0.253820829112454,-0.3213190627469695,-0.27328799161496464,0.05205442878813926,-0.12408905612153062,-0.21788958619071408,0.025856945870158587,0.010338881986750866,0.0429128121449866,0.15697374024762772,-0.022348729604744346,-0.13293810088601238,0.009987790972491379,0.026025569541486663,0.038804983333321066,0.0509288918623489,-0.023095162511510874,0.07505375053742144,0.03379351124045688,0.04322057418790202,0.009002210835971958,-1.0756931000003416,-37.00344000001552,-3.085914400000124,38.641342000007796,-0.6115399000002232,40.007100000000015,6.686819000000045,10.430161999998274
0.13333333333333333,-1.0880099707001496,2.0406459611096226,-3.7552863424340566,-48.07983216907583,-6.269746177938811,-6.624680998774655,0.0,0.0,2.1548193222902525,9.394879069754603,-0.008624365939038292,0.027105120000059164,0.05034686091616395,-0.022909792001639506,-0.006490056160190604,0.11060691281900158,0.38555951923715975,0.33291761849652285,0.36410239087338836,-0.355526072823377,-0.3552821726162937,-0.2639152755381363,0.039483197484554915,0.04562157349578661,0.031218372701507395,0.0572745332757793,0.1058351170760789,0.039585242547179766,0.04221837801180055,0.032416872490677866,-0.2158964255139029,0.22893889279386434,-0.28070012773843483,-0.13033610658510528,0.09821499207470256,-0.1905828095129309,-0.3076966495865983,0.03341900586886619,0.01539932187736782,0.06033393041946907,0.25217810372303684,-0.048966912451441906,-0.21336284680388756,-0.06611344060987731,0.11038899704313306,-0.026270689365908876,0.061754802207115,-0.037012443420204766,0.09069706117753536,0.03049177507497382,0.04643569923600221,0.029751959263306166,-2.5968343999987833,-36.50389099999214,-3.033462233333402,37.52342233333084,0.8221456733324682,43.7197469999994,6.692013433333162,7.663522233336027
0.16666666666666666,-1.088724882621978,2.2500898201143014,-4.873670918460517,-33.73258069037559,-7.633130855636488,-7.487131155196935,0.0,0.0,2.713124036571124,11.809764467588348,0.004863737035205378,0.01689362634384938,0.08222464935253042,-0.025141271198067007,-0.0024028949152673784,0.13120815539485034,0.4797144726418874,0.4135734543054978,0.452224277209756,-0.41499355657244574,-0.41482723359154267,-0.3003993450855115,0.04631274843777286,0.05170765547465337,0.04253953285521217,0.059355338172271156,0.12261742530245434,0.06064114832169945,0.04457551621766894,0.032286193126491086,-0.22890390296388954,0.32518800862560776,-0.3698792864373593,-0.00046494735929623714,0.12316009514836097,-0.21844224100639864,-0.3437112300197718,0.04335335574711964,0.021909169097994292,0.07477059969522189,0.3502379525755115,-0.08266605995978639,-0.29864431238176214,-0.213969536252961,0.2691854534160815,-0.1670137268588781,0.07630631275390501,-0.04627110887714241,0.11541130906668762,0.030945273948196725,0.05451230928193253,0.051893290196678314,-1.1018841333347407,-66.51572833333104,-0.7680989166675688,46.30530833333684,5.552110466666249,31.092064000006662,6.606535266666673,-1.7970634333330815
0.2,-0.8367948370233214,2.6142091211827694,-5.9164737316755325,-22.316207991249183,-9.156156351321398,-8.363383745476602,0.0,0.0,3.4267621015206813,14.071881154199964,0.021165359599976865,0.004379678492615755,0.11605371009307942,-0.026584434781097316,0.0038599117503146027,0.1512043163145496,0.548219858428651,0.4777415268914515,0.5296209055658976,-0.49319732652343595,-0.4933922026679173,-0.35219720095809465,0.049266153140355116,0.0532110863887587,0.060245923778169466,0.05807148788252889,0.1272465499386469,0.0871479428028099,0.04129053848940694,0.025901244510831044,-0.2133526712065201,0.3606058907946099,-0.41349081021851014,0.10867273705942378,0.14871080545473087,-0.23859303604848278,-0.35703764875276484,0.04799561078439325,0.026090726892745945,0.09541528688108444,0.4376623951046377,-0.12050515116677911,-0.3726007423572911,-0.21514693160530424,0.27170782173013436,-0.15078205654657106,0.08873392109857278,-0.055017704591680094,0.1426603775632023,0.020079498141610183,0.05355429094173599,0.08762286703615954,3.014229799998464,-39.151080000016094,1.3116074999990799,29.58092700000615,2.9841292000014272,24.834107999992156,6.621834799999878,3.3335215999965797
0.23333333333333334,-0.48003917217136344,2.9355777772101312,-6.0304457240589215,-8.843362687295725,-10.710449178537463,-9.040673664024604,0.0,0.0,3.940278296501315,15.929887457046602,0.03454417746918049,-0.007925361170139651,0.14590450567949745,-0.028350685724431283,0.01255175638807962,0.16457362301291095,0.5840222258710367,0.5122912014142845,0.581915522673784,-0.587064393468322,-0.5873624694421002,-0.42001554802319324,0.05009550071590548,0.05477770582024232,0.07552170887090588,0.05549779536507713,0.12360909972316124,0.11089316562538887,0.04112109681876136,0.026595260205820103,-0.1893654507590465,0.24530239465817716,-0.310776053256192,0.27081688968471834,0.1851743211573995,-0.2623866656303924,-0.36252906882060865,0.04951508965458811,0.036893412797399466,0.11564780650041043,0.5077949407236136,-0.16543118492752906,-0.43491194624517227,-0.21161821286183946,0.27874496510100083,-0.13898694834018596,0.0857228398737691,-0.06880670972964574,0.15467330354753514,-0.006344208809288833,0.039845555125360275,0.1404372840210124,5.093244366666004,-81.6808066666451,4.645286866665454,33.74805266666466,10.500852666664212,47.53472333333069,6.685918966666593,18.43540966666102
0.26666666666666666,0.2381838498881129,4.3564819859134625,-5.036920431296921,-4.066387602792807,-11.018306571728695,-8.544897207506619,0.0,0.0,5.109484680127974,17.76090078627241,0.05272455399701194,-0.02572887943016919,0.16841165939378172,-0.03561977024418353,0.011899201559497622,0.16925827733838708,0.6207022826906964,0.5501509645465295,0.6225676164902434,-0.6826273818199773,-0.6829260397631707,-0.5057331456645551,0.044110601158191994,0.0489423680094076,0.08310406741106503,0.05502648365866404,0.11325735019633719,0.11620106109200493,0.043802590016460974,0.028127405870927023,-0.1623114376707993,-0.027929375393288335,-0.0988255274620866,0.49954917026205037,0.23364308149012628,-0.29237184171408254,-0.37073780934549944,0.040144829455267234,0.044192397048631364,0.1300269416745906,0.5697426035917975,-0.21183840710783464,-0.5023776601696104,-0.21552755008170343,0.2774924164885733,-0.13571656913957797,0.08520183929163755,-0.06949490186761478,0.15624897054482986,-0.03701704942290749,0.020764946027910996,0.19386028612161763,13.1812769999993,-253.1208399999887,16.532758333332346,52.458152666666024,28.426826666665853,52.54771133333399,6.850488933333278,53.98763399999805
0.3,1.06009302257683,5.596535963065317,-4.029316288488198,-4.324771881488429,-11.365326813106753,-8.186829376869929,0.0,0.0,6.006851613591333,18.248246386236357,0.07144771297902412,-0.04554217339151313,0.19130356578513,-0.04242207433882267,0.01266260194265377,0.1711930232215219,0.6469820043689458,0.5767377274957476,0.6529365322456598,-0.7839308537481859,-0.7843028489814512,-0.5996657223432663,0.0411838845575015,0.04385574661689266,0.08579508664648802,0.05309894176292682,0.10562706925089839,0.12203053360038398,0.041229734808631326,0.028401798154785336,-0.14260843697403872,-0.2325568089696042,0.041062620642704696,0.6774632384416428,0.27152563994890816,-0.31725421053625075,-0.38434974982086906,0.0332864724871918,0.05395436297111267,0.1408740170776689,0.6295848398612516,-0.2549449455149805,-0.5664279276479236,-0.21744691610188194,0.28016177359479233,-0.13703988524195673,0.07791659266680208,-0.07295816090339785,0.1478890639334971,-0.05116815081855463,0.014311772799143993,0.22891017282656592,12.579463000000688,-188.4532800000559,16.4338020000016,42.767197000005574,20.649023000003943,39.920460000008454,6.801959500000147,46.62796000000471
0.3333333333333333,2.044981053867644,9.49922349834772,-2.6979855558085486,-4.97653180002968,-11.68577989078412,-8.064958396682972,0.0,0.0,7.51088939015745,18.059671189023135,0.08949800066261646,-0.06524336116879129,0.2061588224440037,-0.0502790577083675,0.010026720112939267,0.1690797794613337,0.6613196060154397,0.5912823422320463,0.6649315172997216,-0.8873715959025448,-0.8875881520788182,-0.6970030802121385,0.04001827948837837,0.0373053603207219,0.08193468541675177,0.044294154397064446,0.1019242101668032,0.12556363753223088,0.03410495760802143,0.021632359916516006,-0.12045750092398498,-0.19992774937715196,-0.044420821520324276,0.6254890219145366,0.3411561502159739,-0.37485472435875855,-0.4291697789251656,0.02414346995291664,0.06259496587506626,0.14722261407798803,0.6963879652114817,-0.2928894147467699,-0.643926046180871,-0.22066480817291817,0.2805183689846718,-0.14242482577507756,0.08165701813889563,-0.07062735642797104,0.13942336086255547,-0.04420395435854418,0.024225098102057026,0.2342666029327193,14.055018333330127,-127.98783999996063,15.337497999997371,37.820081333328396,18.830494333328584,25.01267933333175,6.800995866666539,45.82108333332476
0.36666666666666664,3.092012907170499,13.593631686400355,-1.2257852300415246,7.533060523355648,-12.013568266024565,-7.702103584324158,0.0,0.0,8.802428192710806,17.547194372350393,0.10780453745634465,-0.08366490242620993,0.21640791587971908,-0.05555466255202441,0.0059063434921587535,0.16410246691933622,0.6750602311361154,0.6059590042562013,0.6740399762425353,-0.9830123634126485,-0.9834748196032761,-0.7881589327011549,0.03596292046232878,0.029354764402251977,0.0784776288246649,0.03343449438414551,0.1012984634114023,0.1283343854317966,0.030900188951077052,0.01847031646291677,-0.10362212372388831,0.07741587268064654,-0.3687118001005303,0.2805298974254936,0.37379727363564824,-0.39310743465569237,-0.44202995664521777,0.015141529551026399,0.06857087827867747,0.15076159791717225,0.7720203276709107,-0.33174717950215216,-0.7339822363427373,-0.222143517297068,0.27582567122539786,-0.14720919431745255,0.08742254629957928,-0.06668296216746611,0.1290684724834612,-0.011605696427049776,0.055021633055604806,0.21418795354532505,16.187874666667962,-184.95023333335004,19.021655000000155,47.43359899999928,21.98445666666965,25.053246000004957,6.821475500000072,51.38631333333992
0.4,4.171455471598081,17.2776864299343,0.3391987141096227,23.813746884459256,-12.539007741937825,-7.379105206667425,0.0,0.0,10.222114928065288,17.13918789053448,0.12918009011745676,-0.10230901233246843,0.22432607426895373,-0.06646492291566071,-0.0012800735519192296,0.15894435585294345,0.6633739372688804,0.5963903920595377,0.6554220510020803,-1.0791417751869044,-1.0800479993771621,-0.8806963597231418,0.030477428315691335,0.021660652978394843,0.07363676246227092,0.021700179382195685,0.10130667521953288,0.13022913466694683,0.02874204869080798,0.015220919947000089,-0.09163983919256605,0.6106791562714006,-0.9317599888364648,-0.33891268122673496,0.3949886758626498,-0.40686228133509467,-0.4423980264777585,0.0038105153110758994,0.07302183356135014,0.15317127793581786,0.8507242293072547,-0.3689515154049534,-0.8288241585453794,-0.21883746365093745,0.2643232597285719,-0.14629358370724552,0.09716064906175913,-0.054548059781273375,0.12193095305655358,0.021844951671140107,0.08166640939579754,0.19025369856731408,15.004981999999831,-126.83974000000609,18.145409999999814,51.82452399999873,17.523429999999948,12.799603000002223,6.773713999999952,40.75687000000072
0.43333333333333335,5.316474719841719,20.823151046693702,2.0397883864019892,32.514486331882225,-13.041810375339423,-6.74670705715556,0.0,0.0,11.701892332589441,17.15736981894392,0.15199889859742385,-0.12240843755361813,0.23221845269829702,-0.07769857360093065,-0.006893769412178324,0.15024273473173919,0.559075004564448,0.49417677511612607,0.540290266564886,-1.171411040177267,-1.17225708481108,-0.9689356402438535,0.024590054490526612,0.015019718618202905,0.06710886624267065,0.012022374902264883,0.10567007682366132,0.12800384629595513,0.025447839038793805,0.013374586331278273,-0.08881859783467892,1.4398307254278215,-1.789438169352023,-1.2884316962998532,0.4170767383787354,-0.4155407973969876,-0.443111710670168,-0.005442404975506941,0.07740603820111927,0.15246069268470813,0.9251893295208381,-0.40653149269695454,-0.9233795615199978,-0.21065222842720602,0.2545620187059472,-0.14405214250408818,0.10842523781029956,-0.045923119711013365,0.10973922823588872,0.05604293666223908,0.10300599578223665,0.1644270650464358,18.369705333331417,-135.7534266666637,22.219285666664632,60.130847999998466,22.370347999997616,-7.605677333319225,6.7317800666666265,39.21785133333676
0.4666666666666667,5.951214805740426,22.555552244470807,2.9697397638410625,34.64396944027269,-13.292040748244936,-6.332613579535237,0.0,0.0,12.424014452629702,17.121117658890668,0.16193869687669468,-0.1318198514210798,0.2340565572346011,-0.08573488071503789,-0.011229982671222511,0.14651419128846763,0.5535004051617702,0.48686283903432465,0.5246286528063036,-1.217227134885077,-1.2183706750230572,-1.0121005585587424,0.021039588442599056,0.011412455919351042,0.06234998090784892,0.006224930283464787,0.10659455759760836,0.12638703023234804,0.022070679686502913,0.01049929550530259,-0.08685550583849436,1.888980144513216,-2.265956514928092,-1.8802169377522269,0.4267118824396128,-0.42097358316483147,-0.44598604692024374,-0.010773662489806615,0.07872702559867184,0.1524781544561105,0.9656796561177508,-0.42639277016147276,-0.9745619782402651,-0.20602404535180305,0.2488675897435714,-0.1411073587340693,0.11550702285471308,-0.040928975009475094,0.10213102663219535,0.0808170341702525,0.11993967124923254,0.144655298954834,21.103000999999836,-77.66102333336465,25.270712666666498,55.650473333337686,22.333094666668295,-41.93836833332738,6.68874976666658,15.364614333346536
0.5,6.768428611553501,24.65595071222653,4.330626877053946,39.86383905053772,-13.605126483830524,-5.836024445745896,0.0,0.0,13.230147104006528,17.03451196307894,0.1674515579880393,-0.1370913198389878,0.2281886590997829,-0.0947432660085636,-0.0165940698012341,0.140777329805443,0.538909455228965,0.4736893664637924,0.5025770142587126,-1.2793627629890223,-1.2808410877874972,-1.0710436339329863,0.0159215340644816,0.0058247827337038,0.056370382835849,0.0015097770489387,0.103785276947572,0.1224165846540208,0.0178888350622825,0.008154577151087,-0.0801008048950868,2.401250952829485,-2.7931505216263086,-2.585963765314293,0.4365522116814868,-0.4266325867768126,-0.4481911378157582,-0.0169938653330941,0.078772865646041,0.1515761825678156,1.012879062988821,-0.4556725171688381,-1.038619763281001,-0.1982613490282319,0.2418996251671454,-0.1356695996213607,0.1229874562185705,-0.0375086921913562,0.08606566895404,0.1100707104562659,0.1384711499317827,0.119436305319375,20.046074,-32.829613,24.209478,47.53406,19.021921,-54.420395,6.756327,2.1107404
0.5333333333333333,7.861206802351907,27.346929520996483,6.302431006012294,43.86003942343804,-14.069089743082284,-4.607111736696162,0.0,0.0,14.110332913210115,17.07186789495265,0.17639386665027407,-0.14174767504230437,0.21869110355330695,-0.1047387339096572,-0.023748614592783403,0.13068239042915508,0.535784907212463,0.47202827937712893,0.4862494394525511,-1.3748639748997733,-1.3760832361106639,-1.1643824726554621,0.006965655457933175,-0.002915903004874822,0.049445807211342716,-0.012034274336062354,0.08995654027647729,0.12263419948076593,0.015746247725501376,0.0012456413272766836,-0.042421201785035265,3.0066978030238722,-3.424859297480291,-3.497964874681139,0.4739587417984833,-0.4467495376498037,-0.4409069870232182,-0.024099192236940382,0.08307518503410814,0.15072175630166995,1.0684890790792994,-0.5014903486760336,-1.1182747858412556,-0.18622073823425506,0.23924216165042475,-0.13171305092844457,0.12801184906180976,-0.03961118358268938,0.05219097324872921,0.139214881377603,0.151140389729745,0.0994779868158223,21.947925999999594,-49.387264000024004,26.62654333333276,46.86063766667607,22.186363333334594,-65.11080400000174,6.731351266666625,-6.111521766655982
0.5666666666666667,9.046768093854869,30.92120335857353,8.955810712360917,48.42768188314989,-14.184265254380822,-2.3157296798301825,0.0,0.0,15.61137729041236,18.270728379662625,0.19054160294694855,-0.14921167865884977,0.2041681568778802,-0.11437324492959998,-0.03354062490813506,0.1148684495330349,0.5362211660043554,0.47499112859941545,0.4660313657152945,-1.4606842932428683,-1.4620745400159858,-1.2541553886467585,-0.004957426663465936,-0.01501110429331999,0.03761883787191426,-0.030786401579555644,0.0753274110684841,0.12078018941855002,0.010470083697015155,-0.007498106341422457,-0.0032488771449219263,3.479850814897824,-3.9459949314434204,-4.342223316630538,0.5186278773767936,-0.4684257587463573,-0.43441368046638706,-0.03365810723030275,0.08457606096606334,0.146282650328227,1.1248725912230588,-0.5502705145363506,-1.2019910554601783,-0.17686879168416722,0.2309236159102666,-0.13179918099769866,0.13857006466205044,-0.04271176082255235,0.00969214044849459,0.17772031937143284,0.16741033392813878,0.06423907163198982,15.522056333334852,6.339228866665975,18.488148333335218,9.515710333337408,8.363663666668451,-23.883883000009398,6.7418984666666795,-2.1594832000026885
0.6,9.950347603353991,34.17703416970649,11.012680709891331,51.441244413692104,-15.176254606937922,-0.29599204405656154,0.0,0.0,16.47734974141688,19.411269596203393,0.20349200253643085,-0.15693961208734705,0.19726488060571337,-0.11578039196285425,-0.03690457182491062,0.10479918079093029,0.5366006147904694,0.4766413591182591,0.4534179627756573,-1.5446583644476626,-1.5460784690159926,-1.3299357072481424,-0.011852539790345515,-0.024175043343929743,0.030191668153199135,-0.04303311325255947,0.05893949008412962,0.12090258592823981,0.005407262741020518,-0.021270287526550358,0.02973851696242371,3.873295696383575,-4.389888705876795,-5.172116257740848,0.5539395590641264,-0.4837963047354429,-0.42621739787441476,-0.04047069359717886,0.09101656955471904,0.15104815082504178,1.163040228590198,-0.6087993697108691,-1.2581197913712407,-0.16334699877664702,0.2236992914057152,-0.1248268646964658,0.14549595836856233,-0.05348758655094211,-0.02987514732103715,0.22433158146810306,0.18887617927535924,0.018924268285634042,12.067736000001128,-47.8737899999442,13.760646999999535,8.468668999994444,8.908582999995781,4.6447349999931715,6.707687399999947,15.347489999989719
0.6333333333333333,10.64059715411618,37.73268444835215,12.653464179891827,60.14080321271692,-16.640679623927547,1.7608490270447292,0.0,0.0,17.22760894619809,21.005068199421608,0.20558987570968607,-0.1502561175649792,0.1795747414304218,-0.11365166951347042,-0.04493403072434058,0.10252946250745198,0.5261630314656424,0.46956324338586675,0.4393253658790803,-1.6024722869767059,-1.6038116931317086,-1.3725358752497943,-0.023203008296854462,-0.03606472239133543,0.02892531175668232,-0.05728419769264566,0.042680527800795134,0.1254855039616698,0.0028912076092066307,-0.031911593350333056,0.06590670498942318,4.139518064518505,-4.7418851013834695,-5.923059075738365,0.5752454579785553,-0.49890423414416524,-0.40393942319986686,-0.06188426465777152,0.09549835122061384,0.1784417992645318,1.2141944503044868,-0.6635441668850067,-1.3233315023727341,-0.15973911285460646,0.20342418914882382,-0.10783033621471506,0.150740903030946,-0.06449093385012546,-0.06599072990448596,0.2644837019155183,0.2044236842730153,-0.008912213738084531,12.70378899999844,-41.414450000032375,16.644208666665474,2.0701996666736715,13.024919999999309,-10.565287666654147,6.716551666666816,22.908488333334038
0.6666666666666666,11.115519566873616,41.43851296037593,14.039834248792348,74.01821894129792,-18.252752610048052,3.9004633372600024,0.0,0.0,18.615934980565022,23.21547819137874,0.19580310824252614,-0.13196345506884918,0.15193187816489256,-0.10618557489597552,-0.05744239870814344,0.10684259838824789,0.4483099802318221,0.39361406694886886,0.3535968116289927,-1.6367992155083644,-1.6383615212786191,-1.3923557814065342,-0.033634102452137105,-0.04543841728443954,0.028079214890694756,-0.067857763718389,0.026772176507839033,0.12883647711781923,-0.002644902840974729,-0.04094956536700849,0.10438505123672054,4.28573777778486,-4.978158336437125,-6.559037758256509,0.6159926761667984,-0.5224519323675536,-0.4024566526278605,-0.08797157385327822,0.12025413695691849,0.21770746989256676,1.2499530398626535,-0.7167284195109316,-1.3784695519931591,-0.1504919446120403,0.18680325959088093,-0.0979309652854866,0.15570932906467283,-0.07479588239874613,-0.0975868816210721,0.28145377841303026,0.18630611830992463,0.0016878818111565432,15.735332333333746,1.0733892000080745,17.346151333334255,-6.8486555000004365,12.138598000001926,-15.848983333342984,6.625049133333382,21.042921333335908
0.7,11.5048440600186,44.97453651755446,15.205416681462907,84.93481122453025,-19.901488172005042,6.210526180564475,0.0,0.0,20.1807640620738,25.848218305028613,0.18672504812571197,-0.11507240801266716,0.12618728760771844,-0.09486624973342499,-0.07326646368106034,0.11700468254786123,0.3554791489178376,0.3021010740502245,0.2526264609176312,-1.667209066650442,-1.6687919626815768,-1.4052087315087598,-0.0422412391571823,-0.05539610122430103,0.028547980574838906,-0.08221335071954235,0.008809745438270154,0.13691008515997344,-0.006372371851395755,-0.0472998345398069,0.1526715788936328,4.359932229333402,-5.153811136535651,-7.1306915080438324,0.6560889175417189,-0.5414069017361721,-0.3893993612932096,-0.12444128204216805,0.16042863719578196,0.2752721119468105,1.2718526591750874,-0.7717991066434216,-1.4183435909055742,-0.14263832102976146,0.17737028435594115,-0.09201101636512952,0.15797188802771608,-0.08473643320520995,-0.12700945719268464,0.2880002242454762,0.1622720443020817,0.019170449712653435,11.299671000000991,15.823574999965095,11.580549000001556,-13.934353999991401,2.3712094000019017,-4.153195399988298,6.730482999999972,14.715957999997551
0.7333333333333333,11.827091815507822,48.16199497065504,15.913218229052356,85.17491083575787,-21.63090040086461,8.612314428669102,0.0,0.0,21.025807094338507,28.124327062561918,0.1762068388503114,-0.09697074102915844,0.10428369323431283,-0.08326327344369236,-0.08099628068329605,0.12470523139796044,0.30814796063503014,0.2560762737753766,0.2015559170556976,-1.6531152924928312,-1.654560794791148,-1.3710906482307075,-0.05143100335505788,-0.06552673863599037,0.03365562545798176,-0.09272053262343612,-0.015455192892950522,0.14393688464012908,-0.01612135992196011,-0.058137136061836216,0.21751335647185005,4.381644224044335,-5.2871148946663125,-7.633434473452088,0.7057629442018729,-0.5615917644160462,-0.37441133878994187,-0.17033665093778513,0.21110032952362312,0.3495503293931843,1.3012348251580852,-0.8291045279775784,-1.4623971495382293,-0.13843748625878927,0.17565731433956625,-0.08800939043701005,0.15161743197136412,-0.10293517837883144,-0.15815306178749824,0.290867250509375,0.13815666318283013,0.04600252405580102,10.993851333333813,64.79365866666274,10.377299333333713,-49.44840233332515,-2.017484766665591,-18.762536666663912,6.717825133333353,13.35825766666808
0.7666666666666666,12.0188709857278,50.46741769033018,15.965348817668888,85.68780931053995,-23.62908467424941,10.667264780682206,0.0,0.0,21.046274332301934,29.264685138481767,0.16302918892728469,-0.07902724776550576,0.08468996275475245,-0.07146148400898912,-0.09030427002762077,0.1387615510446133,0.3581905181211303,0.3065538835474149,0.25092981149131804,-1.625788590960487,-1.6270585478706932,-1.3194970284224365,-0.06150505441489615,-0.07687201310472729,0.04299169865312469,-0.11402191782400514,-0.04923098628151337,0.166542484357304,-0.02835446813073979,-0.06996315305420193,0.30171811235561274,4.321151167987697,-5.34526005851574,-8.066763670330026,0.7418401494182869,-0.561189254835405,-0.3246313878304331,-0.2264855816912176,0.27390846615184644,0.4450722848781524,1.322020438437547,-0.8962381907479539,-1.488787613985713,-0.1316267515682634,0.1712532160311672,-0.07689841923666181,0.15351632136799948,-0.11950428560750949,-0.17843318658235488,0.2966767488231256,0.11705468355661378,0.07282384063073374,7.389381466666937,95.82144333333045,6.1964946666671965,-82.57898266666744,-3.3863104333327776,-11.453132000003375,6.667168333333344,15.19258833333217
0.8,11.83390733217534,52.06415883219712,15.481524388004166,90.65699840082115,-25.830692201255527,12.18399599906484,0.0,0.0,20.75416915276369,29.955055626167578,0.1470843034251524,-0.05583555148032092,0.061972250115140695,-0.05131201702584744,-0.10393647094130054,0.16194304986656938,0.34525884519129607,0.2938528260892537,0.2413383762716589,-1.6153144989638941,-1.6164425177291077,-1.2838073334426572,-0.07031655138611227,-0.08903214708876021,0.05730211231505717,-0.1352846073864434,-0.08150072835587532,0.19061099378725496,-0.03825725402995892,-0.08281505920086203,0.40394628244655545,4.215082770651819,-5.354530689434192,-8.428844670780782,0.7875590092455488,-0.5621626016067295,-0.26927724259805147,-0.2907881373486538,0.34540189323260695,0.5537810253838518,1.3184768820062922,-0.981567655610646,-1.4942484873313109,-0.12092527910850828,0.16494878147540293,-0.061781779580480166,0.1544969670795492,-0.13692830019514082,-0.1957073509068348,0.2912109855580961,0.09322412612020513,0.11270744579466964,6.481761000000041,80.99823000001392,2.9469426000002317,-38.591408000017786,-0.6328229300014565,-7.9417349999979825,6.64654730000008,6.123438400004321
0.8333333333333334,11.397960331671445,53.58162642088967,14.501394197670443,86.31746273022708,-28.259775323736505,13.415912864947897,0.0,0.0,20.331669375071222,30.67678740324383,0.1304432467130616,-0.030606424103124103,0.041375138262334306,-0.02864065201124197,-0.12351100227899085,0.1950987499669596,0.3138910242808269,0.26300585931653475,0.21692382351895473,-1.5764900513593365,-1.5774798111483603,-1.2142017464022294,-0.0775591345361728,-0.0981526026099499,0.07044473349173101,-0.15161857839552823,-0.10964504410927041,0.2124777601456826,-0.04513012860503872,-0.09652762862182576,0.4887355319270716,4.098034058586173,-5.352970446942144,-8.774296854360127,0.8616753583030643,-0.5958022630104449,-0.24934357575800264,-0.37691623468498214,0.43868959403476226,0.6866697837671359,1.3193105293974337,-1.0679730212207323,-1.5016880192125197,-0.11222204190012045,0.15722178531061512,-0.046019502840862814,0.15037987765602015,-0.15842019356504436,-0.21036444360374904,0.2866232714659446,0.06638481556831204,0.15864035031709492,4.988631700000496,72.61589133331506,2.556345833332746,-36.05282399997625,0.12124518666841869,-14.721850999994965,6.678468999999967,0.4006424266690332
0.8666666666666667,11.211817560546569,53.07058519633748,15.023561259277459,92.62007824946308,-31.296178158976122,14.552198120537897,0.0,0.0,19.878837357718876,30.946790852030627,0.1091330121428211,-0.004181533872357342,0.02333982502706806,-0.0013677978938110367,-0.1402965264069259,0.23120838037603783,0.2701591577711985,0.21891687064331924,0.1838578747139772,-1.4066739347950883,-1.4075866305617935,-1.009530553128757,-0.08248276924713321,-0.10366380755732439,0.08537627780787811,-0.15184452766399628,-0.13978600025284593,0.22380230762668704,-0.05197613018390278,-0.11049843442162897,0.5471571702529587,4.00765421455307,-5.369942785137452,-9.041931853953832,0.9566284024743276,-0.6608233089951197,-0.2741914938263113,-0.4591494898794422,0.5273454662353358,0.8133709920353756,1.3294525602356941,-1.1529294821739713,-1.5113904248397256,-0.09620483746312175,0.14331015676030076,-0.01826908433169398,0.14863767874800088,-0.17692324981096785,-0.21351742673609383,0.2772202916949817,0.03239831840751931,0.21623858603692234,7.304164166663739,115.62743333332767,4.69692726666483,-72.92099000000884,0.4030209499977305,-15.570899666670497,6.601804933333593,-0.10929209333509445
0.9,10.927709122903172,51.19370531757087,16.04222891415966,99.67149117484315,-35.246175850612524,15.418883088287128,0.0,0.0,18.886518197665254,30.848713160699308,0.08225930947931495,0.027186121432577964,0.011737330461042996,0.026219661202147627,-0.14991545351124175,0.2703991950574355,0.21933268099696346,0.1671083965492664,0.1536526128905077,-1.2066135498903419,-1.2073051181915313,-0.7688386263184126,-0.08480836410873353,-0.10494269051841412,0.10605379233313471,-0.15053116186881207,-0.16268796654968262,0.24574699371812894,-0.06160691893525398,-0.12210717036998008,0.6164580369495626,3.9318669160241035,-5.391491725865488,-9.241460249290908,1.1092626814523032,-0.7930712448364191,-0.37082842330294846,-0.529943722409016,0.6124427374485498,0.9373956356371677,1.3494965980660527,-1.2302162955974631,-1.5231042011344116,-0.06412698567101535,0.13201990329981428,0.029088305981379937,0.14942041108181384,-0.19330835426046525,-0.19844379994941,0.24697519382891542,-0.019323294392038025,0.3042208011730909,8.713242000000601,62.95774000001036,5.3055735000004685,-15.81657300000972,4.890442399999792,-12.545540999998863,6.553051000000027,1.6079198999995212
0.9333333333333333,10.680375726768972,48.93016070719942,17.388754980149024,108.42159332294868,-39.18612103599612,15.887723871070243,0.0,0.0,17.83009060495972,31.225935946719435,0.0569834176370195,0.05493945172486705,0.007538567876773937,0.04886068385054238,-0.16057981231630458,0.3146245657622152,0.12188853678355152,0.06808547870894854,0.08052033612228764,-0.998042056107161,-0.9988265547949932,-0.5196318443537274,-0.08973705078976411,-0.10675452533545911,0.13147998047232554,-0.15266659671371102,-0.19129859727338464,0.2744619578493175,-0.0737704155676562,-0.13700938929000847,0.6910005893361205,3.8666659344251517,-5.390429676679158,-9.397454841134063,1.2423198818989925,-0.8952753940759611,-0.4360373203472202,-0.5893563091630994,0.6886338883860904,1.046896766033093,1.3598304923089202,-1.3131916139542745,-1.52713756595407,-0.024500666998671185,0.1255970089838693,0.08375608828888076,0.1530174037521289,-0.20995012086851736,-0.1749632204472582,0.23047852669438304,-0.05878237409871328,0.38438348305322706,4.912989166667825,66.54874399998097,2.6076760000010766,-8.794709999989056,3.694572700001727,-17.58543799999905,6.549025399999981,2.4028487333361928
0.9666666666666667,10.427763272985946,46.4387184814542,18.78335653764492,113.70655732219873,-42.86962378128768,15.963049026104072,0.0,0.0,16.529261585133362,32.02719782521022,0.045017936484823266,0.06750184202200446,0.02759671022825895,0.07080849015570193,-0.1616900467381592,0.35913340236546804,0.06558495670996103,0.008633950839083119,0.05522618276771439,-0.8460625332018126,-0.8466747478762573,-0.32320139060329794,-0.09074672927586205,-0.10746816926952377,0.16208956383462708,-0.15106221807112236,-0.22324304402062178,0.30920700835151843,-0.07842132612414864,-0.15187740719471932,0.7743740840677288,3.8061183061053643,-5.383195639165993,-9.520989136557782,1.4006139308885879,-1.0202613546417907,-0.519153324143565,-0.6304407115923201,0.7545176689420748,1.141603882704053,1.3521745064585564,-1.4027662993570045,-1.4993952317914412,0.033017516010059846,0.11729442200307706,0.15900009462141163,0.1604117638594708,-0.22236592203273053,-0.13634365728858727,0.21399775102717028,-0.09480448312332374,0.4643338926756223,4.190237666665565,114.97936666665548,1.7719672666654545,-38.44240466665824,1.0242755666672128,-18.3817506666646,6.530250533333246,-6.667753833333202
1.0,10.378715413185386,45.529920378020805,20.916768577823916,117.12980559763122,-45.43904544173383,15.954912538414442,0.0,0.0,15.895790803528964,33.95779371794689,0.0383403261363694,0.0751130581634825,0.0480345745426829,0.0860232795086456,-0.16570070383379,0.4012718740140656,0.0784039553718541,0.0192911016191416,0.096258687905069,-0.8366992008994152,-0.8370398664772537,-0.2783876964277948,-0.0950522124369211,-0.1088984775657486,0.1900968855129166,-0.1472835309568808,-0.2568940094338421,0.3395391881607905,-0.0848285091683622,-0.1698109865237235,0.8522745723607468,3.7513241862064746,-5.376293229691408,-9.629960295784832,1.5431518816196756,-1.1168691269427151,-0.5756906386753593,-0.6581707160794403,0.7964494830501163,1.214152746663908,1.3582868199720226,-1.4820760039749714,-1.4843830111040164,0.0977494471295775,0.1068977387518546,0.2487965436995862,0.1665645837835875,-0.2345257400002277,-0.1006344427264182,0.1885991642199802,-0.1329035738008355,0.5471690479805369,5.6953673,111.81768,2.3367355,-43.25661,15.126762,-22.737877,6.57355,-6.7987585
1.0333333333333332,10.360359025844044,45.48496632842078,23.05003905919074,118.94350570555874,-47.46404201011686,15.564339631666545,0.0,0.0,15.488231220483515,36.43253889961327,0.03183416699146499,0.08276333307161715,0.07459813090221044,0.09864583004312025,-0.1659802731242718,0.4429293784652392,0.06353628258803405,0.002504588099578527,0.11579149811153601,-0.8091044926247881,-0.8092172056963863,-0.21424362962012589,-0.09834670601254722,-0.10817110991394481,0.21901625888217022,-0.13802283620776903,-0.2876602919101493,0.3666268587689883,-0.0883804645513014,-0.18948814598702324,0.9232353377177288,3.699387816972409,-5.35879030125974,-9.718031119604749,1.6357708120240189,-1.216810477608817,-0.6392600929373933,-0.6634619728460124,0.8121605883385579,1.265101271178579,1.3621948738466965,-1.5524057348373155,-1.469710159742843,0.15986097866018642,0.0917851708404078,0.34154135484157033,0.1767150283349708,-0.24602262753631385,-0.05767548154198954,0.16507141638905087,-0.18707798709415008,0.6448792085571601,3.9418086666655334,96.2221633333315,-0.44613754666712696,-21.570981000001474,9.69290233333946,-19.276043999998528,6.549594800000021,-11.769638666668051
1.0666666666666667,9.90711809602982,44.16896962007142,23.008462558425116,117.93449181685298,-51.25083020698576,12.555540923656885,0.0,0.0,13.16096677577325,37.22711900958977,0.011963377884506965,0.10204474213322422,0.1306649435499623,0.11397269022954257,-0.1596181761154906,0.5214975741905845,0.043025787025035796,-0.02289588929606651,0.16653648697287213,-0.7628076541790293,-0.7622649421067316,-0.09698106558974419,-0.09205032545969896,-0.0950489385770424,0.2732227383980569,-0.1178481600446587,-0.31353245864314205,0.4182098240762718,-0.08999230605534732,-0.20269486031788755,0.9929360603860026,3.6565358374557535,-5.3515001238217845,-9.761621725168798,1.7857367999396607,-1.393925189691147,-0.7824413600435427,-0.6387641180266831,0.8208133779956608,1.319323536296906,1.3663879066861635,-1.6102838405209807,-1.4218292853051486,0.2279502415041569,0.08918945139852667,0.45661804061901523,0.19572967104816896,-0.24998922277391436,0.03757294689746787,0.14265461497403953,-0.23507372109268496,0.7684972780976129,5.293734166666649,117.3974433333284,1.683118966666343,-38.64033199999281,4.44361733333386,-20.060967666667104,6.517702000000018,-9.388908000000432
1.1,9.58194917455069,44.54066570120366,23.065174110038647,117.20778079464152,-54.417170426235465,9.689298302253654,0.0,0.0,11.095044295001356,38.449963736907634,-0.008454852581771189,0.12076922552022093,0.19032620895913266,0.1270830206862911,-0.15029294619978004,0.6004106554597952,0.04872637671467781,-0.022919559613794258,0.2465532742287106,-0.6852277078586816,-0.6841812308399566,0.05159409244442103,-0.0843971750482049,-0.0814293201262717,0.3292907988620569,-0.092934964772384,-0.33510733955853095,0.4688866741129288,-0.09349397613995747,-0.21481897044546372,1.0515223234276314,3.6175620655626752,-5.34424420545279,-9.786629486412018,1.9063784941433837,-1.5890515738105415,-0.9554192272406173,-0.5944519135219473,0.8115793232257537,1.3515591316464892,1.3980890908321164,-1.6495370113193637,-1.3972474186080293,0.28804553697786256,0.09618874255154027,0.5703675316627278,0.21057542432533632,-0.2542409185753129,0.13645218779119142,0.11034523112778331,-0.2786967747514621,0.8898171226195578,5.5732454999998415,124.45538000001348,2.846053799999249,-52.917713000011545,2.6764943999983815,-19.306815999996786,6.567752000000208,-6.841308600002464
1.1333333333333333,10.198426308307406,46.80616614606357,24.591310799996986,123.54031761830505,-56.1470372812602,8.042979301862342,0.0,0.0,10.133419053777361,40.8269459456185,-0.027413232778317406,0.13668299522776228,0.24023602785662618,0.1349335498222996,-0.13937283772930767,0.662946762644377,0.007051008561855169,-0.06858697560224548,0.2685044426196286,-0.5808781317781351,-0.5793133342931576,0.21015176582236475,-0.0803591737795135,-0.07118551875060343,0.3757469787654143,-0.07626381699008353,-0.34867779529130943,0.515630514399573,-0.09506123080666937,-0.22673816938310093,1.0984090446407093,3.5981332985147145,-5.342772006966983,-9.793785000635747,2.0415388486051844,-1.7856547923454582,-1.1395896445550595,-0.5433162378531232,0.789919930983758,1.3581739217159738,1.4386298597374771,-1.6766383967927785,-1.3881274214165407,0.3461123041678472,0.09775575517676616,0.671578676300365,0.22473760439323034,-0.25281605461102635,0.22635468696196923,0.07720379677076476,-0.3246895232352135,1.0043498575730483,5.236432666666605,103.38199333333493,2.565713033333529,-44.3175509999973,3.1631394000003423,-25.33352366666542,6.5198625000000465,-6.182474333332539
1.1666666666666667,10.631631806084455,51.50381222211566,26.448987908435114,123.89140738525272,-56.05814411094004,7.390016514382675,0.0,0.0,10.350095489590919,44.349443371042724,-0.04193460260523955,0.14951493550539652,0.27541888240463713,0.1348439200677994,-0.12719823310318026,0.704640261849289,-0.04902306455677908,-0.1279605497761849,0.25795101540102483,-0.575069810011243,-0.5734041383049296,0.24785363385002943,-0.07829677102451206,-0.06613920474474458,0.40925860541894615,-0.06393291237103937,-0.3609916258255098,0.5488104501208525,-0.09657630712396138,-0.23129601622739462,1.1386302682570695,3.5877741189970647,-5.334763062350058,-9.797569699695936,2.127729604324772,-1.9196475471800218,-1.2666265998774258,-0.47812408937929374,0.748300919755822,1.3400270686855005,1.479687750042698,-1.6963419486203521,-1.3989716048753655,0.39662485480640747,0.08719152488663191,0.7525935531497375,0.2395282407370568,-0.2515077999513817,0.29669584245841424,0.03418159516893193,-0.36658336461218605,1.0928538699747805,5.610058199999269,111.22272666666275,3.1437089999994994,-69.62311666665468,3.213872899999229,-23.703307333335594,6.537057800000025,-3.1966090666690423
1.2,10.926989262092109,56.887641286806684,25.342968590094195,120.98073827026916,-55.65323398584421,5.071976797553211,0.0,0.0,9.27122742715161,47.20267809603136,-0.05734162459632496,0.16414917078284283,0.3207363844182553,0.13416239643954322,-0.11262121414168107,0.7558238032505215,-0.08891482612185836,-0.17161411472178503,0.27497228012435615,-0.5922093050823749,-0.5903491920508647,0.2720909078906486,-0.07316597045908914,-0.059752890572295304,0.4512179186274139,-0.05767733843517929,-0.3671847677502549,0.596944086062588,-0.09842337813048795,-0.23763758966880932,1.1859524487809305,3.5806132056938664,-5.321108834243178,-9.786310024658217,2.22856814602735,-2.0116165508906056,-1.354040195285754,-0.41017225383583417,0.707628548755496,1.3304721843572462,1.516347988672991,-1.7128483062135589,-1.400292238287212,0.4373403917553127,0.08603480642359464,0.8324951975161153,0.25792458601719426,-0.2430779835399287,0.3875967059428106,-0.001025643854687173,-0.40178067946226476,1.1782887610254693,6.0827203000004,110.65234000000383,4.172020999999862,-79.76437000000166,4.9562559999995095,-16.92710000000303,6.564489000000008,0.6747733999985268
1.2333333333333334,11.538916601797217,63.561417895993905,24.430513120420333,118.67608639012697,-53.51401195855295,3.3343376222336603,0.0,0.0,8.47960106621123,50.92365472274232,-0.06741778151622567,0.17604726509244892,0.35118243627308504,0.127642856931639,-0.1118322640904034,0.7992538400015711,-0.11399461263360007,-0.19928539429792383,0.28954078264212024,-0.7905328272815523,-0.7884134512148904,0.09666701897938339,-0.07030362268955187,-0.054930099767023725,0.4790549484912184,-0.055009616137258494,-0.37134787612708203,0.6314652930632708,-0.09337304470520488,-0.2371653617717607,1.2096640374358631,3.5745462280965627,-5.3066644877596385,-9.782427057859067,2.2674380151364604,-2.0280432499005094,-1.3972336899656874,-0.3539196263365339,0.6685992636477421,1.30728545964802,1.5564854957530103,-1.725959531338722,-1.417786678344442,0.4688099792774731,0.07708718492613024,0.8903292519597081,0.272145438001615,-0.22257534130502424,0.4681909149566244,-0.03172500493679055,-0.4283747602875273,1.2405150784421324,5.336091201863356,103.47353351966875,4.429339115113871,-76.667176563147,5.872596422360246,-11.262408130434794,6.549154875776398,3.428283480952375
1.2666666666666666,12.411980697601829,71.27799009560282,23.815400352244378,117.4429129818695,-50.272256537346465,2.515378941288544,0.0,0.0,8.213366332035525,54.89490581380951,-0.07150958285073371,0.18489869076769636,0.36721151002888464,0.12396741651370433,-0.10685100641487531,0.8190834830781302,-0.11503247869268966,-0.2013582297841818,0.31053456565802934,-0.814170881144284,-0.8113955265304609,0.07958493143257828,-0.07036286338494684,-0.052418111542739836,0.4949295971663366,-0.0566705801646852,-0.372027974030198,0.6521997120601848,-0.09697791413389631,-0.24366679242145653,1.2332688364501971,3.572983267760598,-5.297883240660044,-9.78271887676729,2.313166432916303,-2.0492714720973804,-1.4344648210681126,-0.2964573126879305,0.6198446518644427,1.265802135242238,1.6094478772221579,-1.729242246568119,-1.4631008925582332,0.4946126207673254,0.06610699445041249,0.9345958850687518,0.2881187252087842,-0.19916988263419066,0.534346258576294,-0.057034609537627734,-0.45180614820841364,1.2871899079068039,4.712126666666757,97.47414666666754,4.644381833333302,-74.0788233333337,6.6383908666665565,-6.528375866667348,6.536340366666669,5.729415799999668
1.3,13.38468945809889,79.0745715070124,22.858863020081827,116.52907008616737,-46.815765341237075,2.094021569855129,0.0,0.0,8.082735602985016,58.9905163779755,-0.07197240173804947,0.19263980427428082,0.37346418615526916,0.11767869022329891,-0.10413020611067697,0.8286704718976726,-0.09571115250060229,-0.18213206928601502,0.339294016983709,-0.9252548706883554,-0.922003372534974,-0.033385298667560126,-0.07191498981323816,-0.05007628785288575,0.5016410057316991,-0.056580402645271796,-0.3716312856792645,0.6580885617864802,-0.0967511966682772,-0.24411723275705377,1.2408439109895228,3.5713726799674586,-5.2848057511655835,-9.791366116682166,2.355717965586765,-2.085075453096625,-1.4754527551532057,-0.24351133804456726,0.572370044754426,1.2139770189841879,1.663138432393297,-1.7331158229954933,-1.5190599087558696,0.4961484636579594,0.05157982620600696,0.9446630271594854,0.3007992507322694,-0.17806502504290286,0.592271377047696,-0.07732785189284164,-0.45989781439730465,1.2967753907811028,4.999686699998774,92.61021000000017,5.700660999998754,-71.74702999999987,6.6988225000007455,-2.57671099999928,6.572266599999895,8.720510999999423
1.3333333333333333,14.337595089069039,86.4041142863504,21.36982958949809,115.48338413683823,-43.611422346318136,1.9451647944087842,0.0,0.0,7.594539460848087,62.91790811786342,-0.06923406650178277,0.2000982452306359,0.3749823292672784,0.11493947017574557,-0.0946162001803656,0.8261164419300301,-0.049020426206587295,-0.13462865471122604,0.39332237698283135,-1.0129821219448742,-1.0088893498928526,-0.12481692055526183,-0.0704148630222093,-0.047487952927911206,0.5035959189225476,-0.06250710801599085,-0.36910555918525356,0.6646218635213597,-0.0972223094729591,-0.24755778068346462,1.2370052678733077,3.5875293023979085,-5.2776447248538005,-9.785931542560002,2.4247390811129033,-2.1340798693061616,-1.5276725299128082,-0.20129584691520697,0.5328141300931266,1.164373777064774,1.7161247003914288,-1.7465706898919648,-1.577318299109816,0.48850425436239175,0.036792180129404946,0.9433233596919675,0.31323013611286954,-0.15002774032515093,0.6518228259125398,-0.08373323304019024,-0.4496615682763779,1.2831253293411085,7.102536566665973,95.53495999999718,7.755976399999332,-68.83099100000216,4.900625066667452,-1.8357827666681439,6.622056533333373,10.827726666665487
1.3666666666666667,15.477287793946587,94.69925478669663,20.36379862536075,115.35004640879455,-39.44300639371671,2.986505101899298,0.0,0.0,7.420676197972142,67.47561396501087,-0.061407245078086724,0.2016418137256361,0.3577035412154501,0.11140203354215171,-0.09291516178240046,0.8071896285757896,-0.002776673834365646,-0.08681673302279946,0.42408984589074705,-1.1442734026719041,-1.1398483759604778,-0.2827190180306221,-0.07338083621714739,-0.04904207883154575,0.49079068436530615,-0.07563250964903678,-0.36359428467482885,0.6597748915123812,-0.09456227155237869,-0.2427729012097333,1.2216109352959166,3.6012862106902337,-5.267264718055041,-9.788449627926395,2.449134716806926,-2.121813025853484,-1.518755278777998,-0.1727198749481876,0.499596420544142,1.1019694643047486,1.766414894367637,-1.7781082189218829,-1.6494533393934807,0.4783309678396984,0.021202446297868757,0.9270021408741169,0.31535559659776646,-0.12016412634311811,0.6829312893744963,-0.08533476107125029,-0.4235030730110438,1.2385630562151306,8.21869439667705,100.07325423676012,8.831549225337485,-65.34078520249223,3.6375017633437197,0.5426211889927267,6.558635898234684,12.727015883696778
1.4,17.003523531990123,104.79657566486947,20.99381866975467,117.23287778807868,-33.374775924101804,5.966084312806071,0.0,0.0,8.923029513882538,74.01211076330377,-0.041677476750916,0.19375660322359042,0.31278820743310304,0.11477596684325143,-0.09127560888282533,0.7476385209427935,0.00388696692092092,-0.0754659906069336,0.3816295482248431,-1.2925605672972096,-1.28809690373447,-0.49690838926338526,-0.08312675443447974,-0.05888812455059993,0.4526871416035286,-0.09146379622765857,-0.3612455716604229,0.6241482517731513,-0.09547549725532747,-0.24162959511030477,1.1953442143246091,3.609894878003734,-5.245152721401435,-9.806663498243552,2.5018752972024707,-2.0713965049028364,-1.4698725580894414,-0.15582348983652933,0.4580276721090057,1.014030087503692,1.8142342585256706,-1.8079052894960084,-1.7530209035577498,0.4555776642756139,-0.0038231163787756303,0.8788457279140969,0.31314374009349105,-0.09191741333500311,0.6726608748196835,-0.08252212774144285,-0.4034220578852555,1.1692246080170081,8.94912399999979,103.04317499999915,9.535418999999797,-63.05675000000066,2.810895200000238,2.0990839999995514,6.517132300000012,13.969938999999641
1.4333333333333333,18.214421803634664,113.09316189912627,20.410423282498382,118.68023531516765,-28.073410304942108,7.902213540665861,0.0,0.0,9.41974918566046,79.91665209808643,-0.02428310201242684,0.18782020167255184,0.27328408534696336,0.11776057777977238,-0.08909243629395472,0.6945660125176802,-0.0110156675005001,-0.08583433794170574,0.3257158754356202,-1.4633083571813157,-1.458620660753035,-0.7286690956666177,-0.08954425280164459,-0.06598106182124325,0.4179826412880575,-0.09797089266027945,-0.3602993182013209,0.5852872831855399,-0.09634718102304217,-0.2384774653659505,1.172072824683668,3.617765162788265,-5.222879511611591,-9.819200875230766,2.5564213477028845,-2.0315180587240422,-1.4317328755054484,-0.14510554841367565,0.42441386335290865,0.9381664158421238,1.8648448308119152,-1.8409526367135702,-1.8509350495056056,0.4363751559404891,-0.025535064667844373,0.8363666291565636,0.31176396842089216,-0.06635807170296076,0.6698429787886249,-0.08260240830006121,-0.39690176232878993,1.1152497688302376,10.395540666664935,107.06573000000184,10.768080999999016,-61.005643333327086,0.9858644333355739,4.644243566665588,6.443710933333401,16.829197999996353
1.4666666666666666,18.82285315391538,118.57082410091692,18.313451172859377,118.96332070372597,-24.159126284597335,7.942316285890202,0.0,0.0,8.258360855225108,84.33130219532606,-0.014917922864091068,0.1850091078911634,0.25136689099098175,0.12056684537786519,-0.08416581086000538,0.6616811391367298,-0.0020807725046727873,-0.07490255939674181,0.3101531237757131,-1.5652294854247415,-1.5602011060044876,-0.8709340969555672,-0.09261989229074938,-0.06698193307958855,0.40094048730863646,-0.1013251712698287,-0.36086935112648666,0.563740992906253,-0.0975564454279949,-0.23516846355313165,1.1588709284855423,3.6238607901731568,-5.211631485217332,-9.81846734232083,2.606544957686985,-1.986921831728397,-1.382036737127437,-0.13328521623754053,0.4008102171438387,0.8818423901116955,1.9107605342134633,-1.8818013426937057,-1.9229912935383862,0.42202977598137803,-0.03219907465497751,0.8139050675800235,0.3091260278277106,-0.035982380682620954,0.6978131544821824,-0.07762644823483773,-0.3903635086596116,1.0811358115174754,15.88098866666482,92.89239000000843,14.113997666665465,-91.0086633333288,-5.717720999998922,8.629255666665914,6.385287333333384,28.80159433333147
1.5,19.177935965497674,122.95979083987132,16.620500778649536,119.68313419774728,-20.02722384249904,7.949662519165766,0.0,0.0,7.149534352603304,88.79154514999597,-0.0094683588122196,0.1726309424849929,0.233625833718962,0.1208485500693457,-0.0873698302162014,0.6309715126388022,-0.0620118689611136,-0.1300900684379695,0.2264554997651086,-1.718851114230763,-1.713438401378783,-1.072319859809094,-0.0963317171070921,-0.068016119629666,0.382404475701779,-0.1080501697961927,-0.3636816456970332,0.5414783781617992,-0.0996369758410604,-0.2347289088106752,1.1501828585275964,3.63766957529502,-5.207590228659302,-9.806691842812231,2.625258784262474,-1.962545484447176,-1.3541500549326173,-0.1302025739452122,0.3826900402825789,0.8258003745502221,1.9619657257069467,-1.9199030749541013,-1.999732127277784,0.4121434776772853,-0.0361654713868472,0.7964168560998934,0.303543145557854,-0.000128922852649,0.7238182907846171,-0.0603209322666192,-0.3677161877385561,1.026381362411952,16.115421,64.3037,13.868282,-72.502,-0.8538168,10.8166685,6.3025355,22.239845
1.5333333333333332,19.203652113124487,125.3282764525965,15.404264779390179,120.44727048439832,-15.859725653063592,8.232526552093407,0.0,0.0,6.631190250030564,93.00517365848998,-0.009427771461386908,0.15615554445323854,0.21814595450112229,0.12066556813085168,-0.08841569121605941,0.5953106892768489,-0.14125767801497188,-0.20572017718775837,0.11838530962239438,-1.8046500479306107,-1.798684021441481,-1.2102520205951193,-0.09820723930868444,-0.06922645537426877,0.36369162705301084,-0.11230556472714023,-0.36505144905128606,0.5123894965377754,-0.10244413897152373,-0.23467704315584392,1.133523538655093,3.649724238586785,-5.201803324493205,-9.791317442440928,2.683891957529689,-2.0122574136908757,-1.3810915391882441,-0.12537622971669676,0.36016415816832215,0.7676859359815633,2.0148200725924954,-1.9511524354928262,-2.0763261330638194,0.4003269886319049,-0.034591553798299736,0.7707150552483725,0.29567489247933354,0.033119694954686626,0.7444133405437728,-0.03836272169715431,-0.3439073186816467,0.9677486425830356,13.332888666668229,49.91858233333486,12.165782000000366,-28.81904533335046,11.149631666664355,8.084881333335414,6.37805180000002,10.582469666665904
1.5666666666666667,18.827161779132528,125.10056459221042,14.094205707093563,120.67591040610706,-11.937512291065625,8.48997317016728,0.0,0.0,6.043442744664519,96.43256305232079,-0.010565038136792016,0.14020566000380266,0.20633857110868964,0.12148475249015256,-0.08513245079993377,0.5599934494231161,-0.2200295758692003,-0.28115888372875475,0.013681322157220673,-1.948876663046679,-1.9426994407138625,-1.4058783272815327,-0.09924365595086271,-0.07071786651562664,0.35019325298118587,-0.12151839495243691,-0.3694934734352073,0.49250059296058796,-0.10129586757426162,-0.23585250708204245,1.124477254646251,3.6585735401887187,-5.198150054019009,-9.764783106867759,2.717993018091329,-2.0395888697881523,-1.39483722064326,-0.12299625210549604,0.34279887073553394,0.7165466675678591,2.051392457260487,-1.9879814616215652,-2.1325714071261666,0.3880262249260652,-0.028441007900906187,0.7435874250489369,0.2914425665515437,0.06642979098017344,0.766274949582658,-0.01671399891610329,-0.32054408643825066,0.916486333137999,11.87169133333358,46.02308500000248,12.09322266666682,-9.245626333335219,10.349649000000603,3.5625108000007635,6.32637813333329,12.67821066666699
1.6,17.864828060185186,121.57238188622415,12.100761268849755,119.79534349966693,-9.041644504484669,8.04005281656363,0.0,0.0,4.349825989885953,98.31055803810982,-0.017489295037900452,0.1273473830206786,0.20826335294629134,0.12146484178338468,-0.07806452047188941,0.5364269020919946,-0.34108367759167957,-0.40345365934009836,-0.12390757144929686,-2.0177627480379097,-2.0116824506376947,-1.5134759542209482,-0.09723751169928589,-0.06846233128336168,0.3461909607445781,-0.12801683389266122,-0.3744639443056295,0.48304657668437384,-0.10495150124595984,-0.23989031971828498,1.12578798551726,3.6671731317402707,-5.187970499572617,-9.712529094881914,2.7368845839307276,-2.0485115270716934,-1.4370793449285495,-0.12743739206453542,0.3397727441804997,0.6843054019524263,2.054758393729683,-2.032204144024915,-2.1431569238094896,0.3809515137857998,-0.016055292124229008,0.7272272611358034,0.2847984896185526,0.10171935311869401,0.7994938550521791,-0.013849456017657113,-0.3091836523264372,0.8942866646468419,8.67884350000045,38.2735979999977,9.272909000000308,0.9557814599962852,7.057456500002405,2.646286699999438,6.240829000000215,13.478116999997935
1.6333333333333333,16.44577065233916,115.51209486358125,10.20115229176573,118.75072626426685,-6.4733461888061,7.590832836265551,0.0,0.0,2.2507498765842486,98.93750014900168,-0.03151249624308343,0.11241254417508108,0.21962022813401286,0.12490071035898233,-0.0712817021694102,0.5210306642726257,-0.48607529819702494,-0.5491210666029515,-0.27584388509741387,-1.9816520858663338,-1.9754634844786627,-1.5124993092338548,-0.09598231001554132,-0.06466468091782215,0.3492041087784045,-0.12964721985290223,-0.3760541655003313,0.4767237944656944,-0.10563662196660728,-0.23801314300416554,1.138176218031127,3.6694745520290892,-5.176812232957685,-9.653388642148013,2.7711777035994536,-2.0664884627383646,-1.4910529217209139,-0.1282045417901353,0.3340540935048066,0.6600632594935514,2.0615159115567354,-2.061999616707689,-2.1464631579176645,0.3818321700367347,0.0014556177774470934,0.7217462519048325,0.2745792334805328,0.13171341709538795,0.8281069599888128,-0.011023123689036315,-0.29742811384461193,0.8831427912856658,8.046221666667405,39.20101933333631,9.85093866666727,-14.672496666657086,-1.1406131666629238,2.1867280000016613,6.290840733333327,20.97089966666611
1.6666666666666667,14.787627029834079,107.90089483318879,8.68262581911992,117.83276241607707,-4.109660427521888,7.090902710393291,0.0,0.0,0.10175440074057451,98.8797462918199,-0.04685826804769858,0.09995435750174776,0.23489963219358176,0.12735295970166183,-0.0650971465960657,0.51081155854273,-0.6663923609292741,-0.7332658631644735,-0.46556137591171737,-1.8745410665072881,-1.8683553354927742,-1.4382385151219435,-0.09195828506742804,-0.06203914159539333,0.35309743695113627,-0.13010543069234723,-0.3797236545830103,0.47191551604950305,-0.10502569025925948,-0.24178258504180675,1.1472289096542443,3.672736028882591,-5.167402707934962,-9.58880241534375,2.8015058204311183,-2.0857294529918335,-1.5538082918977394,-0.12343390207174618,0.32796566104701436,0.6394335196541103,2.0707988358719875,-2.065802365686922,-2.1469801976043583,0.3851293062634547,0.017036348309422744,0.7200922750966875,0.262760436220185,0.15521481956852656,0.8562572652665654,-0.014084776694672002,-0.29008383270121996,0.8747780934758016,9.540343666665688,38.194639666668515,9.495475333333287,-16.873266000005135,-2.1070404666684865,1.924678566666992,6.217085000000164,26.837677666668558
1.7,13.10102509907144,98.74723147278571,8.032879703294938,116.93679807433008,-1.4567116013911687,6.910450529681125,0.0,0.0,-1.544903605514659,98.8273055560815,-0.059487453312239175,0.08684962192754944,0.24929508807256068,0.12319333993505702,-0.06138381677443505,0.5026721315844509,-0.8214841366813724,-0.8919987158231603,-0.6299508782312663,-1.735620836489776,-1.7295586056398513,-1.33021693496973,-0.08819246585914084,-0.0576227884581995,0.3562599955250269,-0.12527465789899916,-0.38249036838082545,0.46291030724977256,-0.10263565426962537,-0.23967834814202468,1.1442659096210717,3.681169122765259,-5.160390442739823,-9.524975485287145,2.9215965849513466,-2.2049726346756366,-1.7210277343583262,-0.11633382028176426,0.31728650934912384,0.6206501597645279,2.068415653781685,-2.0677537261958014,-2.1343509885706995,0.38644235009574945,0.028020507845243355,0.7187157203176627,0.2550575435481123,0.17084687871577284,0.8773769082325689,-0.01789406843815177,-0.2834749707387461,0.8693227438846788,8.679138000001345,28.09959200000196,7.546244000000232,0.9923125999900654,4.993193599996407,0.274710690000305,6.2273169999999,17.883413000004634
1.7333333333333334,11.535575620846254,88.9653445447696,8.336225426570538,116.65501792774089,1.4535480437886088,7.639493191873756,0.0,0.0,-2.6551928284390836,98.62341225091858,-0.07334187650783128,0.07305974585554399,0.26336698594120844,0.11632223235436005,-0.059577589862288366,0.49339182288718686,-0.9537937323828015,-1.0254249509647952,-0.7726511198429502,-1.5345621762699502,-1.5285842113440875,-1.1612436216674693,-0.08480153695641877,-0.05267223841795844,0.3580886936850426,-0.12340955227946156,-0.38327692283397363,0.4549517687114626,-0.1037803140628702,-0.23613120159667156,1.1323331381968,3.69478512165478,-5.1680917356488,-9.457334903150983,2.94151732916046,-2.237857979500644,-1.8740440124794415,-0.1127526937087208,0.3082851440362375,0.6020329604102934,2.051007613000955,-2.061018033278642,-2.112753759817542,0.3924975214804823,0.03197524810982271,0.7201451278338281,0.24655511954822598,0.18721816415149525,0.8907264714800501,-0.019390995260663152,-0.27352983209574,0.8521038468839961,8.35148383333277,34.53957466666481,8.9829913333328,8.794846333333837,5.994915133333995,-2.208348766666127,6.269708000000077,26.008874666664475
1.7666666666666666,10.039297888994511,78.8802887724028,8.912406366307613,115.85178630989088,4.245932660269408,8.859960947125387,0.0,0.0,-3.906764252167662,97.79990093567515,-0.08776363868256883,0.060551768115860355,0.2770812112535879,0.10746533757761877,-0.058228634299123616,0.4849404026481916,-1.0794772996483886,-1.15236501495389,-0.9113349449234409,-1.3657325119490273,-1.36007526450119,-1.023702442605729,-0.08076976101300493,-0.04654490983543531,0.3597907853431995,-0.12357905179416911,-0.37851346322942137,0.450227211996606,-0.09933497137348354,-0.23835395934078385,1.1168672626408043,3.708003429667696,-5.180610923574476,-9.379960023539091,3.018072519496147,-2.374871438567873,-2.0621749107494822,-0.09642366901230519,0.289156671757693,0.5721059937707511,2.031216678770898,-2.028035452404442,-2.084473681790845,0.3995387207101381,0.03531152201145777,0.7196437068413142,0.23382566446535935,0.1996008180020818,0.8957471957599911,-0.004124186227819175,-0.2441407693104776,0.8117176825781015,9.41202166666699,27.778507000002275,9.004520666667084,9.118082666665488,6.122089199999379,0.21796684333211636,6.193563833333339,20.210546666670027
1.8,8.671982389191054,68.32261753791647,9.323505520202444,114.78942578103708,6.949491120100918,10.248241027450165,0.0,0.0,-4.636674075247605,97.21155298716386,-0.09603271322874103,0.05261900426731108,0.2846096545617303,0.10335332795842206,-0.05183865292446095,0.46896613486762273,-1.1632498723990723,-1.2415525497159003,-1.0168961221734667,-1.1727160936093288,-1.167398396722479,-0.8601984092632223,-0.07735223237401076,-0.04199384225434087,0.3588255993662633,-0.12577814021300404,-0.36960751050605123,0.44439176808570086,-0.09401432493401524,-0.23548396580018438,1.0936294965929296,3.710921823239263,-5.175271230441442,-9.305754201275239,3.0394909831758903,-2.492010531913448,-2.238605901942426,-0.08756634654206928,0.27344339169237714,0.5446093613332641,1.9829848015421836,-1.955744345764654,-2.029283492533658,0.39976826987890357,0.03372130082817696,0.7093052159971152,0.2221298786612834,0.20845897024764481,0.8917610128777252,0.006560068170841008,-0.2205929156536838,0.7772709495655075,6.418544300000548,19.975198999999158,5.819338300000083,11.917670000002836,7.344156700001158,10.784935999997062,6.193720299999927,7.605882599998864
1.8333333333333333,7.565940821465691,58.46432469888384,9.924992743809975,113.91306182810413,9.739760318404866,12.206065769063574,0.0,0.0,-4.109148027632408,97.41301426650904,-0.09798680440773413,0.053755026643890993,0.2779863186408909,0.09460816965701795,-0.04565351988665208,0.448883763347672,-1.2294571082499248,-1.3272020901393102,-1.1315323832476523,-0.9022584160474327,-0.8976438217399176,-0.6197887679253529,-0.07232092005283416,-0.03769629753505453,0.3523807171952087,-0.12660257476548673,-0.3566444975238617,0.4336868483186126,-0.09200354502860997,-0.2302005686583207,1.0615601841362998,3.7158895608159255,-5.175350295508316,-9.234697907604048,3.101855143817403,-2.5691719097206605,-2.385300611354395,-0.07812910869281005,0.2577943221060517,0.5123499395915958,1.9130427823106435,-1.8800125558027734,-1.960271235619707,0.39996482367783476,0.034137652504663885,0.6914540082515687,0.21137491806833475,0.20970532082315738,0.8730073266053232,0.008228497304923017,-0.20827352949521283,0.7502902117943826,6.592963533333352,20.857543666668885,6.083374200000496,2.853991200000882,-1.3729511999941317,14.08464633333308,6.342276000000077,15.547780999998182
1.8666666666666667,6.547895953577731,49.19690637138236,10.330325982919117,113.25398697838918,12.239702867204429,14.182442108310294,0.0,0.0,-3.1811466296255864,97.60928742979716,-0.09469016421722001,0.05543775375017906,0.2707888882532952,0.09028488255176416,-0.038759653447127514,0.42831404154198083,-1.2556234520335943,-1.365380554532138,-1.1912747870521612,-0.548065141504225,-0.5440970646076417,-0.2902860704790566,-0.06724336032304012,-0.03298100868110766,0.347549861624966,-0.13209484171633493,-0.34314226596589587,0.4281072746317471,-0.09027432469182523,-0.22231654609323995,1.0417893522031143,3.7293018857875615,-5.177788297563953,-9.15325693729945,3.1022193041721167,-2.6062318768699364,-2.499000196264983,-0.06922604067073981,0.2432817608632076,0.48555369670348003,1.8429021750201398,-1.7963714428756783,-1.8911895900452182,0.3979774362177745,0.026610428489512696,0.6773914483933297,0.1992338066730295,0.20758136891086804,0.8496423480553263,0.005414140697939721,-0.19479089141481512,0.7270055191108284,6.88319649999941,14.024008333335603,4.7831383000002905,6.0891184666616125,-3.5652023333365075,12.937103333333807,6.278440666666648,10.24302700000659
1.9,5.520283090456102,39.964518119374816,10.476516638515571,112.1654488908368,14.270632424122681,15.919028331299195,0.0,0.0,-1.7282235284344853,97.8847840350703,-0.09277154066454797,0.05608612591603974,0.2661850409534324,0.08545077718990633,-0.033283352926326684,0.4116109352997032,-1.2628680952155178,-1.3807082954580678,-1.2220330260465775,-0.16445931975824435,-0.1613227738232797,0.07541461030708857,-0.06298293455954514,-0.027906178828982334,0.3424026077528849,-0.13082335715232923,-0.33125567307967374,0.41789328032700734,-0.09108904554912899,-0.21896221726290413,1.0185722167468925,3.7422344261986202,-5.185578714751272,-9.074272038339362,3.0924251605626782,-2.6321156699327446,-2.5483295096679144,-0.056881018369457165,0.22657219100580928,0.46094460180248736,1.7722291094125098,-1.6751624703646544,-1.8206286076192137,0.3900878198954411,0.020171716585779688,0.6609172035899942,0.18604504670003216,0.2040145372718164,0.8278870835936958,0.009402603971463223,-0.17777432826897224,0.694742192953526,7.227693600000269,13.724787000000287,5.4767789999998415,15.96488599999907,4.835185499999021,10.391627999999853,6.414305999999944,2.428334200000902
1.9333333333333333,4.614064403571295,31.485128008849777,10.735559271955433,110.76696483622014,16.115334201216378,17.780939935880685,0.0,0.0,0.15703666672716665,98.21951657674597,-0.0824643134822145,0.05395297703982558,0.26151821313551354,0.08054275175776936,-0.03039275165161133,0.3945580225870791,-1.2763360679440041,-1.399707705403583,-1.2552111189341735,0.20379534379157357,0.20650558312057676,0.4259876114892757,-0.05867382270852482,-0.0238317596686005,0.3370119533827998,-0.12906708799003416,-0.31721142786886364,0.4043909509194951,-0.08704624846610516,-0.21121677432201513,0.9870114295711584,3.7515767014570414,-5.190511566810474,-9.001194333046055,3.0857683058806145,-2.65984378747421,-2.57680579588499,-0.049460525937497335,0.2033428550011641,0.4385296663272853,1.696175605528485,-1.5522457210336977,-1.752125496346118,0.36903167971823686,0.012085281297314204,0.6378363215784458,0.1761411511167288,0.20032080722821563,0.8021702709376968,0.01549186971962535,-0.16360297596258205,0.659695498929822,4.891813866667041,4.073859233339595,3.524552333334818,18.05595266666491,9.703541000000016,13.87964733333376,6.5265654333334195,2.4579282666664106
1.9666666666666666,3.892088157409144,23.183456291112936,11.50483515732125,108.31178803672348,18.365415630972166,19.910064542762225,0.0,0.0,2.853971693537107,99.07556069699446,-0.06701157585458206,0.0498820968015825,0.2477994008359303,0.07008928742274494,-0.033615573274527015,0.3719232291328186,-1.2772871096682836,-1.405241004464852,-1.2836978247534625,0.5048545514193311,0.5070227464628475,0.7031082210364702,-0.057988259705684664,-0.022875549162455794,0.3249390619188989,-0.13084724272619355,-0.30031537183021634,0.38687756488442504,-0.0896273845039112,-0.20037952800599157,0.951881927003409,3.7515092071427256,-5.186721540181773,-8.929311469329324,3.0832734058156928,-2.677993215019394,-2.599684206215507,-0.046703183242078734,0.17674969182221442,0.4089419846485888,1.5989712335737805,-1.4339892130623761,-1.6667048160605107,0.34520881287027183,0.0006289505337492313,0.6080757118222679,0.16545725687850577,0.20400624636776488,0.7734539234589852,0.024407953423789607,-0.14967858069929918,0.6127654320282513,4.742125333333544,-6.70272619999982,-0.5425746666657592,30.62609166666184,6.849069333333381,12.6267613333338,6.488658433333227,1.4428398666676248
2.0,3.331180709266629,15.202235320824936,12.502643200816536,104.16367825073772,20.60368150049058,22.268036888061594,0.0,0.0,6.351982516502826,100.12386967163768,-0.0555200072750727,0.0467546554825762,0.226277639502695,0.06046289708318,-0.0369350039307463,0.3411173107384311,-1.2841154067568217,-1.410251537235382,-1.3163537666566063,0.7831654625717689,0.7847011555742246,0.954375102941387,-0.0576507192188413,-0.0232059138329869,0.3072046051685326,-0.1376482881602121,-0.2824797130006738,0.3673170344394363,-0.0920315898302977,-0.1959513820358763,0.9181894365371394,3.7477623189192673,-5.177277610280425,-8.84253487739966,3.0028561331549737,-2.641836080490252,-2.5802159242335194,-0.0482130817521781,0.1578728737966628,0.3737534421398257,1.4674291277598317,-1.2979309564885444,-1.552188781438511,0.3269382737187432,-0.007763250864709,0.5716083837718927,0.1570420196523326,0.2088118486878219,0.7391938930919143,0.0333798185072451,-0.1359352366091658,0.557753501508877,3.3710744,-8.38969,-1.9281018,34.475784,5.48481,19.24301,6.655341,-1.068648
2.033333333333333,2.6901203366878628,7.42752049383875,13.385044370603596,102.44753106892735,22.499164186070427,24.364680361319454,0.0,0.0,9.634157844948453,100.71331447902628,-0.04502945758907084,0.04516959830957904,0.2077696041537292,0.05351210241907687,-0.03999640442221366,0.312823601352928,-1.2905529116762717,-1.4132386887467574,-1.342157658325398,0.9682554436274678,0.9697051454402562,1.117524289237845,-0.05621493949798559,-0.023347622029236813,0.29036827508930607,-0.14538096472696665,-0.26658734467850215,0.35257699362994155,-0.09002561015481278,-0.18889819773987088,0.8954896657093465,3.7426033875421645,-5.165796584414006,-8.746024333195335,2.8841853300382576,-2.5983889757258396,-2.5315049014277475,-0.052887657052553695,0.14343017668476496,0.3441803904673666,1.3474984935583214,-1.1575157128039972,-1.4406279703165523,0.3082083753438218,-0.012150771124427502,0.5351091165710408,0.145003130169767,0.21487226927996694,0.7105162775463908,0.04491116695288092,-0.1199929388903705,0.5056003518009142,1.9041348333346761,-14.681783666659138,-2.628355333332854,50.07191633331828,5.480752633331979,17.42043800000221,6.716148400000121,-11.153739333327616
2.0666666666666664,2.0600619584011497,-0.6018210708296661,14.465091027094912,96.87904135796241,24.626708160343277,26.313583006866505,0.0,0.0,13.332486023794436,101.76293808235576,-0.03158626970398522,0.04215472653177884,0.1839867749645093,0.04861613569291191,-0.04292798781802465,0.27957503355786917,-1.2982908251908793,-1.4180242667814316,-1.3723932408424873,1.160700355568966,1.1617841580828825,1.286442997129738,-0.05801776010460406,-0.02683681113750926,0.2698005296700606,-0.15724964112597523,-0.25886028207797906,0.3352350764156919,-0.08763652219708472,-0.17760807225516062,0.8749510699819022,3.718126585666941,-5.11736339471806,-8.627047558860285,2.370833152419319,-3.061449632956233,-2.953935098474543,-0.05943386145779669,0.12856338653669988,0.31170282652606246,1.187681473054581,-0.9873237883651463,-1.2924055569189574,0.2863378877496657,-0.01916872596945209,0.49298421865841385,0.12768474201031743,0.2294133870150994,0.6860359785978695,0.05423799211261955,-0.10527292683654588,0.454601567338814,-0.856442033333176,-28.478101333332347,-5.123635999999855,63.761380666669176,5.5243060000010935,28.440553333329092,6.78938466666663,-18.470330999999334
2.1,1.506527236390586,-8.273991095176571,15.74980734757373,81.56540283796664,26.700070009564687,28.317181818399465,0.0,0.0,17.28025135849499,103.0422700438879,-0.017689781387184488,0.03495040382292352,0.15880338560720425,0.05249208595747403,-0.03892819572888469,0.2363999809359117,-1.303848125545778,-1.4260788864188312,-1.4101069212703239,1.3246857861706407,1.3255705194556247,1.4259976970864208,-0.06081750032964204,-0.031055913533335366,0.2462978011549377,-0.16537568017930168,-0.2551550900162155,0.312104730708675,-0.08713340559348517,-0.16787798411402094,0.854182519274314,3.70233607278666,-5.067155719658858,-8.499984920906845,1.7349480878800845,-3.5512870839745974,-3.4534264824932475,-0.06613807794099498,0.11201719189628452,0.2792458686290719,1.0176826890909179,-0.8167139394584434,-1.1440095779660842,0.26444539733531003,-0.02907025173015142,0.45126783703090045,0.10783577250094191,0.2460334829669242,0.6613188084590726,0.05719546508250898,-0.09742022034669838,0.4088912666524548,0.613316399999298,-33.00550999999183,-5.525048999999234,59.13402999998555,-0.4717548499994216,54.18183000000079,6.795385000000113,-25.550216999996497
2.1333333333333333,1.070129490837097,-14.420466855092764,17.4583078924086,69.86585524652007,29.015529284986417,30.69290156342677,0.0,0.0,20.586482390146426,103.98621130147714,-0.004106790636180286,0.026999201269505037,0.12963041825934632,0.05284378464570427,-0.03903562845083947,0.19389473679159666,-1.3126677812993923,-1.4245341964471376,-1.4332506200435737,1.418226154626201,1.4190645737833187,1.4919094910484734,-0.06432017130137789,-0.035280357627393004,0.22134278187067685,-0.169384998617222,-0.2523079192030043,0.28149976114284747,-0.08575471981195751,-0.15680189493776506,0.8305458367023453,3.668792648005714,-5.010835787889481,-8.37202137226415,1.3496559520978233,-3.7158443053909678,-3.619251990370015,-0.07400318560175971,0.0967887740161831,0.24546348839660384,0.873232998870823,-0.6631976703228492,-1.0223821043617154,0.24082436901408644,-0.0380948921211217,0.4031971706237635,0.08838109366606489,0.2610933174416371,0.6312320849609507,0.05602307920195491,-0.09135166555393383,0.36027820232040114,-0.17028917666668691,-43.53976733333468,-7.108797666666534,97.42524199999292,4.519395499998489,29.26634900000956,6.804643000000076,-30.661524666668548
2.1666666666666665,0.7641659311696051,-19.41503055141968,19.479599822897384,64.58402699086415,31.44222668371462,33.20801001717854,0.0,0.0,23.616042378572416,104.9897917374557,0.006495519234544151,0.02022865403613324,0.10175913535293227,0.05593656127280238,-0.035218821121597244,0.15069722521500567,-1.3249369652577274,-1.4237609780964577,-1.4593498330006611,1.422848345169658,1.4239279543572012,1.4674069130951386,-0.06737507265481715,-0.03800028022173822,0.19538335948222763,-0.16441036394931524,-0.25052433430011545,0.24495502949828743,-0.08671292357348037,-0.1498341900187668,0.7963380582170846,3.6121352381801097,-4.921964390549671,-8.222461195293358,1.1748875505335539,-3.5512894310851126,-3.4502429461898587,-0.07889023513100113,0.08526409729514318,0.21325203678487495,0.7111984740015291,-0.512042810146801,-0.8826118717239382,0.217215319574826,-0.04418412800676283,0.35488379313559415,0.07130274590160011,0.2755379867374292,0.6037372132231709,0.055705759315878164,-0.0856863182470654,0.30189691416939907,2.282087333330648,-29.98272800000558,-4.613694966668152,80.5090166666746,2.054825633334534,15.072180666670139,6.6791742666665925,-36.5614066666702
2.2,0.6416423504272599,-23.055649668789492,21.657701020203785,59.80099421935111,33.77149533191518,35.63393253727207,0.0,0.0,26.312813258574426,105.82514196825215,0.015135432530346833,0.01285845013563169,0.07437006665059363,0.05624710279919888,-0.03483304845081208,0.11277766824867472,-1.349385360626331,-1.444732000263524,-1.5124448264409136,1.3695097011015698,1.3704139023664867,1.3838274028427666,-0.06669565732095817,-0.03782433224779977,0.1679169660088515,-0.157273217798767,-0.2406741856666977,0.20824201331408368,-0.08304774507476287,-0.14140826506474294,0.7454648456105226,3.554404310156917,-4.825849158091118,-8.085469581269294,1.0738674350367472,-3.4689199632078043,-3.3547070994372,-0.08576062926822774,0.0770410503073957,0.18443542287507678,0.5699016475993575,-0.3885082511500237,-0.7613930673530906,0.19679096222106407,-0.04853999446575811,0.3095170367854968,0.05847208674479863,0.285386346893772,0.5718812313153583,0.053333116423638666,-0.08338884246392644,0.2524909292254817,11.12391599999753,-29.821687999992783,-1.0455171999996202,59.490143000014854,0.827995660001068,23.831990999992367,6.779306000000079,-39.96309299999473
2.2333333333333334,0.8119282807599054,-24.9537761183937,24.36655421131971,56.40630398480425,36.479974895939826,38.180499134427,0.0,0.0,28.905160092100378,106.86381545093973,0.023296836990457596,0.0027829744433766498,0.04747802450676535,0.05674327450079857,-0.035318086824722275,0.07486781380602184,-1.3792009437446946,-1.4686141420155034,-1.5678061742567873,1.1899562736534806,1.190388774453866,1.1722058563805153,-0.06549862206345801,-0.038572835726634294,0.13946873777578908,-0.14968083800605997,-0.2318062892345599,0.17014156501605765,-0.07606647800892902,-0.1268884388441385,0.6782446799869274,3.4932960099744874,-4.727069922665109,-7.938145797797,1.0156857363424925,-3.415200031235911,-3.3013710067581923,-0.09353562251573423,0.06678396435034402,0.15471025231996524,0.47124137584585546,-0.295969323439801,-0.6809357318201014,0.17710116370895632,-0.05414525316050749,0.2676960636117477,0.04422473569878373,0.2926195351191062,0.5360520765319404,0.04193347094741679,-0.08729699511041755,0.2147025157647264,17.990394333332684,-24.289672000001836,2.0167774333323036,40.369780666668056,1.9027855999992183,20.607895666667943,6.698812099999989,-44.71805999999846
2.2666666666666666,1.1409425743067896,-25.730591747774252,27.150233535888777,55.63327004339641,39.0515320978182,40.626889394612775,0.0,0.0,31.285010481135362,108.02304393677456,0.021466436614161217,0.00022390641078746525,0.016740804168984286,0.05950573421888242,-0.033978780154421115,0.04023986859091276,-1.3938987539178356,-1.483470713931412,-1.6178482601807227,1.175685753038752,1.1759462934636509,1.1297859299940354,-0.06139235950025147,-0.035689785383654554,0.10805122898663468,-0.1428456486180337,-0.22228452020529468,0.1365516880258661,-0.06398039035613602,-0.11671599934967512,0.6105718491892262,3.4016614075008063,-4.59089405171627,-7.748971025158639,0.942747399441975,-3.345834847302894,-3.231831993853299,-0.09322508996467176,0.06719340907556652,0.12281529018857483,0.38794906057535244,-0.20962056422171013,-0.6110070689162991,0.17088245325639706,-0.055138328651415575,0.22772436068433063,0.031140901113823304,0.2942834061113225,0.4991067796050768,0.028963180297702392,-0.09172428878737761,0.1798427165177201,14.708919666668761,-26.996802333330855,4.549583133333332,37.072552666665175,3.7922007999992533,14.975390000000246,6.736845466666659,-35.87864433333404
2.3,1.4813548589252497,-25.457549584488667,29.672258764920638,56.395941886915956,41.22592490742135,42.81618340389811,0.0,0.0,33.286524488428334,108.91304241278117,0.021689026382567655,-0.005919449484339802,-0.0043765807082140505,0.06423573124866883,-0.033019364626452725,0.01606156679306191,-1.4056254730040982,-1.4949837641210135,-1.6543933922476415,1.0555042846518428,1.0557831004150071,0.9875876142110797,-0.0588625144042996,-0.032697636465172125,0.08320964866469963,-0.13197470464217687,-0.213577225487721,0.10608397849593426,-0.058852340159868954,-0.10276784664761018,0.5536655237874993,3.322905620118634,-4.451758244563711,-7.533763462706452,0.7912171106539976,-3.1969312494001825,-3.0779788716209655,-0.09467282124193575,0.06410750324955983,0.098993439488596,0.3251782277729674,-0.1411389039297438,-0.5618735195675065,0.160982942005939,-0.05946133170550938,0.1979905518901962,0.019479402727421026,0.29016967977563235,0.4644400961081216,0.0154516659669838,-0.09595512881106653,0.15369257981967677,-9.202611999995584,-48.06207999999625,4.907243699999397,47.48788999999743,12.9184019999968,15.395153999997149,6.757950000000036,-24.583588000002642
2.3333333333333335,1.87030566687915,-24.240084744979562,32.25060446365646,56.544291562925196,43.29797842435187,45.03482781712561,0.0,0.0,35.121632849587705,109.97287990454487,0.023273045996979207,-0.013054964376937029,-0.023194943448688242,0.06291505255510774,-0.03754089914812245,-0.00090774275645577,-1.4169892864263058,-1.5059742644528011,-1.687916891693472,0.9601326041098324,0.9601079285197882,0.872346904252362,-0.05907471341447487,-0.03256534478464128,0.06113771036921672,-0.11945336913977939,-0.2049496396927279,0.0740057948539557,-0.0491783481472674,-0.09003130620182892,0.5005912161686399,3.1843041379033425,-4.258583503734779,-7.248640603407007,0.55928895191351,-2.9649916467967024,-2.873055873230546,-0.09594698167664246,0.05788303044697698,0.07771952532058196,0.2715339664752551,-0.07730660543489169,-0.5200221624333097,0.14971785645179114,-0.06613398598296444,0.17017314720277343,0.00944654516294457,0.28834957404298467,0.4333825961568273,0.006382578533300312,-0.09598419726472154,0.1318035567463587,-36.324853666647094,-32.405746333349974,6.2471066666659025,58.51115333333339,18.61711366666785,20.434355333329894,6.741475866666551,-15.487416000003938
2.3666666666666667,2.282810099935439,-22.218297872065335,34.6884485098687,56.124013661194724,45.18652739758905,47.25307148537263,0.0,0.0,36.89383599118048,110.93640548544221,0.022876974923759195,-0.019038260033175693,-0.040311138771268615,0.058849382159889364,-0.04374036475318271,-0.01470296019164503,-1.4251478659349865,-1.516798934376197,-1.7215023508775438,0.933120949734839,0.9328802406192461,0.8278682075526481,-0.05731033316542643,-0.03065359141449264,0.039291674679521056,-0.10932763014920915,-0.19360211350755815,0.044726187245638344,-0.04708161535294932,-0.08167303141812503,0.45172370795108857,3.016608289249459,-4.039844055272396,-6.93337091577668,0.33610724806276615,-2.5937006964539124,-2.4879562837688183,-0.09691761428445618,0.05520288204747957,0.05846510581159449,0.22747299721120076,-0.02270548839977607,-0.4891710451670694,0.14071051348264288,-0.0733096557486342,0.1448047120476744,0.006840434300447059,0.2812117419241881,0.3988884914635502,-0.0031267196070270177,-0.0955000959777592,0.11291538140799783,-27.899258666680954,-35.776661333313044,4.982139666669126,67.87153333330906,14.59874200000014,25.60207766666516,6.775039866666582,-16.869369333323743
2.4,2.6964634981128035,-19.307270354179042,36.94906938554317,65.74901451616188,46.776946155308075,49.38365746078567,0.0,0.0,38.23247843522214,111.62192428920982,0.023513009699606843,-0.02422257150988978,-0.056064033080737444,0.051462467208778916,-0.04691178482618594,-0.028668620375508606,-1.4209137863074075,-1.5150710743053235,-1.7349757332881768,0.6933445085786822,0.6927953408814257,0.5773941751748253,-0.05368174795578761,-0.02929398495812232,0.020786500045485504,-0.10660192802563982,-0.17476537835197822,0.02786431874833256,-0.039875664044867525,-0.07053010051717107,0.40590679413165354,2.813986113616997,-3.788923590689352,-6.579650086301033,0.5091451313368015,-1.6089983660793246,-1.517927856440063,-0.09682188587728967,0.051597739240867566,0.039796545675946704,0.2243937696009438,-0.021212756613211627,-0.48934330669639986,0.13026664862144574,-0.07835800299705314,0.12168250481928942,0.016246063968900076,0.26585269137316514,0.3594336203751385,-0.01512960375035085,-0.09705115590967217,0.09594814874049123,-11.780636000002055,-68.34729999999773,0.06878523500024195,107.26594499999821,11.742372000000968,23.84499499999916,6.749604000000009,-20.35012000000046
2.433333333333333,3.0947800132250465,-16.274641229474526,39.05288767269888,76.93171076396959,48.12597253395399,51.555342340693876,0.0,0.0,39.436545113507954,112.08247779726325,0.022672407821854985,-0.026001449413678886,-0.07145201480845906,0.04555735934014557,-0.050431775442279315,-0.04045591830050799,-1.419526905167357,-1.5058322627622076,-1.731430721330962,0.6381975835568301,0.6378520416825081,0.5141238154579987,-0.051930424844693845,-0.027342656773978246,0.0010020864970189845,-0.0989241300957909,-0.1532846654605198,0.007000741126161849,-0.03464847248714147,-0.05808388769171898,0.34975943445262664,2.5793270078143125,-3.4916415881243412,-6.1596347219065715,0.6597157260021845,-0.5647627720544168,-0.5021439189321177,-0.09147682092367568,0.0457732758779494,0.016063250130926864,0.2240183456289453,-0.05105245716430112,-0.4859416812096262,0.11984320960609186,-0.07904317670976714,0.09594476670785279,0.025597501463912802,0.24873850949268891,0.3177090772261115,-0.02314716838314954,-0.09551723872460614,0.07805061967578639,-1.1128374333352298,-69.7923713333333,0.7265014000000105,99.19977733333513,7.935947266666796,26.030666666667273,6.792046899999934,-20.02789500000015
2.466666666666667,3.30349780545278,-14.210212529991296,40.41364636781814,82.42546673045322,48.759106810541304,53.02094291654881,0.0,0.0,39.86003280892421,111.51094247906597,0.021526503174335635,-0.027629919378481336,-0.0771467275285489,0.03743914540205487,-0.059301667686209585,-0.03611830117759169,-1.4165243258031435,-1.4951483601594522,-1.7161190711683942,0.6065212930425098,0.6062681278376908,0.48366319387704937,-0.04947797419011484,-0.02334770686180428,-0.010515470762432028,-0.08889206658743563,-0.12946023356025446,-0.007546046066318221,-0.02586832595634984,-0.05353969712805553,0.2985515718385351,2.4051442630580357,-3.2443117356964746,-5.738286381666061,0.4361332667080279,-0.25972773336564664,-0.19256394836178187,-0.08397117442571399,0.03851697660493295,0.0015298344894757992,0.22628166509331354,-0.07642636114531776,-0.47085860365004734,0.11121576620735024,-0.07892672204091837,0.08267104950377575,0.030026690146635705,0.22982551416214325,0.2828196507812465,-0.027864387869189725,-0.09143427445000915,0.06566913542738216,2.338578533330101,-55.57614200000935,-0.13231554666732884,87.80645333334496,3.8741222333365997,22.820679333331718,6.709319666666643,-17.16814200000486
2.5,3.451012877109954,-12.56551092964086,41.48741564309654,83.89863805921466,49.19984298223427,54.25592030955229,0.0,0.0,40.04979873313916,110.49526959892373,0.0222000410846264,-0.0302959695475386,-0.081729957285751,0.0316340207944799,-0.065350513957677,-0.0358326354767186,-1.404866145018348,-1.475498530272891,-1.687789480885556,0.5092892785250647,0.5087680471163243,0.3918784786277886,-0.0459496455961672,-0.0200481884310404,-0.0258852010043121,-0.0822531823564297,-0.1084330526067084,-0.0194008625553328,-0.0204614479846371,-0.0437188508330796,0.2536277460340338,2.153268500883096,-2.9146279516851923,-5.205188878479547,0.2710955267950461,-0.0964935448906186,-0.0299061249619463,-0.0781602454439047,0.0289492001606341,-0.0124205356288145,0.2237923325479592,-0.1018980751138669,-0.4481884710993786,0.099235249667111,-0.0789350014000483,0.0679361683813991,0.0299850277863524,0.2101821346911467,0.2436241563831495,-0.0336876379103361,-0.0880410812724353,0.0561031570789733,5.587242,-50.204197,0.5445827,64.862785,0.22041693,28.649382,6.668471,-2.8643072
2.533333333333333,3.5485047960980913,-11.315952208528556,42.405222462429755,84.70752307422399,49.37298562241397,55.256775374901764,0.0,0.0,40.18710683413019,109.29026960143722,0.022710149934461847,-0.03011294568251885,-0.08459056452889638,0.02612036188270798,-0.06828885691863552,-0.034733096985858296,-1.3924117946861023,-1.4569569932573454,-1.6574520779683202,0.26119970215825444,0.26069434164755606,0.15177431420188367,-0.04485599167944862,-0.02084158806024467,-0.033983955265815546,-0.08190031173591511,-0.0908687637370446,-0.02152883019198154,-0.019050490096389577,-0.03093822493624398,0.22100258361972958,1.7381401413022137,-2.41652723444202,-4.458302603071204,-0.03863297455222241,0.1922646749226847,0.2463379631469938,-0.07643815902416089,0.025333096682836495,-0.019825291560496103,0.18326691349259985,-0.0954689598172607,-0.3869385974022071,0.08548479892313383,-0.07687919593711386,0.05166893994682281,0.028572872390153693,0.1921921954238765,0.20872518356032954,-0.03704951961616,-0.0814895341587881,0.04445868543785846,0.19210169666554391,-50.57069933334462,-1.336300600000686,52.57766533334347,3.7835924333329607,30.08023366666991,6.673029999999932,9.19785466666492
2.5666666666666664,3.6390030594875835,-10.008134317635504,42.927688067619464,83.2003346625495,49.07600101216833,55.95787275899486,0.0,0.0,40.14936174212285,107.40260426986436,0.023437581046017543,-0.026881178902181654,-0.0845543431238578,0.020948087137985304,-0.06924160359064466,-0.03096803823587444,-1.379413424360939,-1.437468008618617,-1.6229017120804792,0.005443046848050302,0.005154583858984893,-0.09358356964415081,-0.04452409056251804,-0.01989012153849727,-0.038782917051299284,-0.07895588782889683,-0.07632613283428076,-0.021087136097166694,-0.020499263756772534,-0.025318531923053847,0.20626538473948278,1.371221820819897,-1.9526344377124214,-3.7183253657909168,-0.3171768324330059,0.4250147168765129,0.4644259199885981,-0.07266288107223316,0.023353303595396495,-0.02596394188791029,0.15581566507579062,-0.102128247669105,-0.33661998438194324,0.07195165256150343,-0.07081241208923142,0.03670717687318444,0.02801495490575391,0.17399642337280805,0.17959222049784315,-0.03699821352762195,-0.07336330028085641,0.030193284216407303,4.876166499999908,-42.79321866666221,1.235159199999881,44.88299399999737,2.4061747666664197,28.763050333332004,6.704206200000011,10.221808000000149
2.6,3.8767934738072456,-7.779685886656845,43.70063582537373,81.19223404316149,48.86481426650704,56.75054789702485,0.0,0.0,40.32128909339862,105.28688596532552,0.025069258305817344,-0.024510156472410536,-0.08513757779695369,0.01156685408283604,-0.07113549186214997,-0.029697305982614865,-1.368441843189998,-1.4113168973306824,-1.5769765323557408,-0.07770296310171673,-0.07784373667240452,-0.16850691641191398,-0.04464976009058349,-0.02053831822908469,-0.04297037811535755,-0.07620803910531357,-0.06330921834723234,-0.02238140366471516,-0.016686129687909074,-0.022380587183552455,0.18929837981016273,1.037778399923327,-1.5380301464383448,-3.0340848744951097,-0.5844574686203959,0.6510113329281666,0.6757841860521501,-0.06837503340329017,0.020588579089827638,-0.03212681010112259,0.11853086485360015,-0.09798436534308913,-0.27821643477397845,0.05657443029742095,-0.06121379504144412,0.01935927803255916,0.02629328325315493,0.15475373203952222,0.14622625465470568,-0.03941898563780218,-0.06730071713104992,0.01950236038656275,1.0983180000033619,-80.63435999999182,-1.8726644999971482,63.47710799999269,5.1571983999997295,41.4943279999898,6.615228699999984,9.751760500003563
2.6333333333333333,4.058200303444624,-5.7179195511171885,43.76735511620929,78.1913260207809,48.00673353028859,56.7092668622463,0.0,0.0,40.14508377861543,102.39544987671388,0.023998804521483803,-0.021154950773857515,-0.076367529673053,0.007961846292615794,-0.06491292728866303,-0.028186187359468387,-1.2745133578447199,-1.3121852258666116,-1.4542518707157406,0.027596847066272773,0.027658059509842754,-0.048365567471910974,-0.039139813875863,-0.017332716697895368,-0.039610672129746595,-0.06838087184525356,-0.04974933496696743,-0.020534026076688548,-0.013231238885967675,-0.016889531083110847,0.1592040981566325,0.6387726608532569,-1.0487245618489338,-2.258212544891845,-0.623040080140477,0.665516683821348,0.690783027558323,-0.06026781415172259,0.015804368077965283,-0.03213589207626137,0.09758214777756148,-0.0988121293883413,-0.2278050854445338,0.045150570764152013,-0.0509155676668151,0.012113577956750105,0.024170912489570144,0.13462556948726412,0.1204623417701147,-0.04073297950339747,-0.06186058242508841,0.016186258021793135,3.64625149999758,-37.028174333351906,-3.50753896666836,33.41062533334081,-4.199146666666096,41.19899233334121,6.646111466666517,13.257454333333332
2.6666666666666665,4.246014340766952,-3.5326782744055834,43.55894622125571,74.82708996032059,46.90146264001583,56.10570169002389,0.0,0.0,39.98108552096025,98.7163372418273,0.021380598443235196,-0.016606770262352126,-0.06616194108010243,0.0013711179253274748,-0.05517298504921906,-0.024928411792657118,-1.0108906237209065,-1.0456046320972798,-1.1618453489792604,-0.020154531802328148,-0.020193276271812426,-0.07774031247066815,-0.03203793451582463,-0.012726456119185983,-0.03428561901997822,-0.057627621824436086,-0.03405121251202961,-0.016609733350204745,-0.010784191163161141,-0.014096734959796043,0.12305896088150933,0.38136125089576295,-0.6932194700593552,-1.6331591939513328,-0.5197111241655812,0.5360924486729739,0.5553505928508844,-0.04760941485484552,0.010769200899632639,-0.030659120639973895,0.08872085171867347,-0.10840665601922653,-0.18799973407580173,0.03668886840477385,-0.0368921306326985,0.008870575278086715,0.01877788632465586,0.10841629591063057,0.0919304832766837,-0.04551966336103322,-0.06192918602162871,0.017969444173179656,7.699672699999864,-27.597874666658367,1.7477415666656615,31.80004699999936,1.449615799998288,15.050411333335129,6.679404666666626,13.754265833333962
2.7,4.505128383083212,-0.8444645057999737,43.31252200084984,71.50678106773921,45.86563337083097,55.32705545014737,0.0,0.0,39.82542498179247,94.40099860313198,0.01772405130676541,-0.01259299379969535,-0.053382892003575946,0.003029294215515727,-0.040976086937688255,-0.02293556529522378,-0.7507942192247504,-0.7710359091497333,-0.8547299725756433,0.06792294260834941,0.06821669947834542,0.027231701603837817,-0.02394576373891816,-0.009352097188851927,-0.028588953251125,-0.03788293942068211,-0.01796280492386534,-0.02112470305447513,-0.004720401047232979,-0.008001598225179513,0.07544557337142539,0.2507499843340853,-0.4728551250563252,-1.1781403352961461,-0.42531845629473164,0.4262949658856436,0.41804059539343547,-0.03314678482750628,0.00448141963050139,-0.02996605600530753,0.0845401634961313,-0.11015917208884826,-0.1530150379408353,0.025096456362818775,-0.023035698809522387,0.0024794405414791773,0.014906947230948013,0.08304507639028938,0.06621010847355703,-0.04008172363042765,-0.051190289850573646,0.013649506658287864,7.551437000000526,-39.69471000000853,3.5745268000004295,30.47278800000628,3.0103283000017016,24.800725999991265,6.624191300000031,5.060813000007787
2.7333333333333334,4.7692222919616585,2.012833912605259,42.78501130311349,68.22043022604893,44.61309004225253,54.01327302380478,0.0,0.0,39.52677357081117,89.30570134932414,0.011887823174535777,-0.006947068430516662,-0.032826166972024874,0.0014538566094526347,-0.027893150902562783,-0.01058144960250757,-0.4763005155656788,-0.49043871080697143,-0.5420800835858036,0.10614286959346404,0.10648297170142404,0.08409712320368161,-0.014227794814415322,-0.0041764619776002085,-0.016842549146877776,-0.019304970324797947,-0.007296991895557999,-0.016318534356227304,-0.002840823419944365,-0.008652144502359422,0.03664321406492196,0.1508771912063514,-0.3004834405056242,-0.7542628705685631,-0.19932726646186094,0.20443776823715343,0.2159836618185984,-0.016339573171703495,-0.0026369185913825955,-0.022956652796342188,0.03889720157738273,-0.059820250061923756,-0.07579889378552958,0.015942708774717894,-0.010398056239481514,0.002989029151929344,0.007590928622516197,0.05204795390690229,0.04393114352358872,-0.035651409273049474,-0.04239386420027493,0.017566661608796726,7.629007333333211,-21.493786333332842,2.575639933333243,20.66994400000016,2.3765142666663035,38.40739199999925,6.732377933333293,5.4464693999982146
2.7666666666666666,5.088099719833759,5.217608693511284,42.30028745648792,64.91852363090835,43.519615023099654,52.48694274796048,0.0,0.0,39.35625819089359,83.7980672341097,0.004105617568570816,-0.0008728646634884461,-0.011568771207076427,0.0011337594691432807,-0.012288710406084593,0.0009207474592711953,-0.18640235721519446,-0.19736116172597343,-0.21881589489171738,0.06336039204148622,0.06339931496772568,0.059197623332372225,-0.00347841891981055,0.0006483982278287991,-0.005226069115913988,-0.003596763103089403,0.00020597787678780367,-0.006463807030797221,-0.00010162061852396793,-0.0013559775680620895,0.009853490159226484,0.052860271323580205,-0.12806125123191636,-0.3564467534858468,-0.015561157937393773,0.01873000175084755,0.018634112384309162,-0.0025845543866320868,-0.002877562589318664,-0.009541364221334748,-0.004103866034992184,-0.00414485959852656,-0.006565685935098144,0.006252255059284192,-0.0015804767319714335,0.002372667259854056,0.004111290127860656,0.02287254659187351,0.02431581192582924,-0.01569177769709456,-0.0178006092249415,0.010536745557974111,7.749942200000246,-52.86604099999607,4.27558813333311,19.981991333333497,8.515910166666044,38.65568800000112,6.703634499999991,5.972578199999492
2.8,5.54794983686327,9.246169840367154,42.15995057581089,61.53500581662009,42.755927878547936,51.1297736505944,0.0,0.0,39.624140826059204,78.27990094352143,-0.0021905107268139186,0.0018295358784284359,0.006533927998446522,0.00047243381541156576,0.0034882634163649635,0.0064065071372436996,0.0881602204277762,0.09096076979247641,0.10066106633442036,-0.04546193271749884,-0.04538935146704219,-0.03962995919685811,0.002877147745500742,0.001924174371582291,0.005651872568548883,0.004496052926109634,0.003779495015654234,0.005279014738259039,0.002826149433190162,0.003440697889642249,-0.007579406478142934,0.019061286445285416,-0.0062289702676220126,0.06719874676469682,0.0030920737996364056,-0.009651980101125134,-0.01504085064873243,0.0026826925137028407,0.0013117544948687292,0.0063202988372809375,0.006829250807639125,0.011573067260031404,-0.00029194716108073,-0.0010480114435080096,0.001661908709951077,0.0020348034444956213,0.0016069461618422182,-0.00825616396353694,-0.0010032430825364191,0.013056816452058511,0.014284536217965747,-0.00621227080116513,8.187600999998041,-29.209148000019955,5.827267599999525,20.241854000000004,5.007799600002602,17.759766000004603,6.535374600000023,12.95232199999788
